{
  "receiver_truth": {
    "latitude_deg": 34.0,
    "longitude_deg": 108.0,
    "height_m": 500.0,
    "receiver_clock_bias_m": 120.0,
    "carrier_frequency_hz": 28000000000.0
  },
  "legacy_coupling_level": "real WKB and single-channel receiver reused; multisat geometry and navigation solution added here",
  "real_reused_components": [
    "build_fields_from_csv",
    "compute_real_wkb_series",
    "build_signal_config_from_wkb_time",
    "resample_wkb_to_receiver_time",
    "KaBpskReceiver.run"
  ],
  "simplified_components": [
    "多星几何使用静态自洽 az/el 场景，不是真实星历。",
    "所有卫星共享同一真实单通道 WKB/接收机背景，再按仰角映射到多星伪距形成。",
    "对流层、卫星钟差、硬件偏差使用参数化项。",
    "多星伪距方差由旧脚本单通道伪距误差统计映射得到，不是真实多星同步跟踪输出。"
  ],
  "claim_boundary": "本结果代表真实单通道 Ka/WKB 背景耦合下的 hybrid 多星标准伪距/WLS 实验，不代表真实多星端到端 Ka 导航系统。",
  "legacy_channel_metrics": {
    "effective_pseudorange_sigma_100ms_m": 150.2309536329302,
    "effective_pseudorange_sigma_1s_m": 5.253852127772777,
    "effective_pseudorange_rmse_m": 15.694492894958914,
    "effective_pseudorange_bias_m": -13.900168830374563,
    "tau_g_median_m": 0.14280111205347043,
    "tau_g_span_m": 0.03293884628870569
  },
  "experiments": {
    "A": {
      "case_name": "A",
      "description": "几何较好、噪声中等；验证在真实单通道背景映射下 LS/WLS 都能工作。",
      "num_satellites": 8,
      "dops": {
        "GDOP": 4.32480148903137,
        "PDOP": 3.555851564906343,
        "HDOP": 1.4279257363997195,
        "VDOP": 3.2565485476151297,
        "TDOP": 2.461671701888996
      },
      "ls": {
        "converged": true,
        "iterations": 4,
        "position_ecef_m": [
          -1635834.9627042504,
          5034580.684001518,
          3546725.35743004
        ],
        "clock_bias_m": 118.92498860508124,
        "clock_bias_s": 3.966910622050447e-07,
        "enu_error_m": {
          "east": 0.5099550013381848,
          "north": 0.05247430431039224,
          "up": -1.5134411576236102
        },
        "position_error_3d_m": 1.5979085685957692,
        "residual_rms_m": 0.544866794901724
      },
      "wls": {
        "converged": true,
        "iterations": 4,
        "position_ecef_m": [
          -1635834.9373010285,
          5034580.842605248,
          3546725.493919421
        ],
        "clock_bias_m": 119.07392254823299,
        "clock_bias_s": 3.9718785236496174e-07,
        "enu_error_m": {
          "east": 0.4367838538334414,
          "north": 0.08566953040696235,
          "up": -1.3185722836759988
        },
        "position_error_3d_m": 1.391672472490665,
        "weighted_residual_rms_m": 0.17700256906549336
      }
    },
    "B": {
      "case_name": "B",
      "description": "引入低仰角大误差；低仰角星更容易放大真实单通道背景映射出的测量不确定性。",
      "num_satellites": 8,
      "dops": {
        "GDOP": 2.3345717240459307,
        "PDOP": 2.1040175018509686,
        "HDOP": 1.1512697647243384,
        "VDOP": 1.7610984006939414,
        "TDOP": 1.0116004579969304
      },
      "ls": {
        "converged": true,
        "iterations": 4,
        "position_ecef_m": [
          -1635831.6281744484,
          5034610.154295004,
          3546736.4814963746
        ],
        "clock_bias_m": 138.28597011015324,
        "clock_bias_s": 4.6127234498391965e-07,
        "enu_error_m": {
          "east": -11.768192811861297,
          "north": -5.822060602080958,
          "up": 27.088989942800225
        },
        "position_error_3d_m": 30.103158103969403,
        "residual_rms_m": 13.662085014215124
      },
      "wls": {
        "converged": true,
        "iterations": 4,
        "position_ecef_m": [
          -1635838.5962296715,
          5034589.308745348,
          3546728.18144248
        ],
        "clock_bias_m": 126.92250849778553,
        "clock_bias_s": 4.2336791707343593e-07,
        "enu_error_m": {
          "east": 1.300450614801512,
          "north": -2.8210331052515643,
          "up": 7.7968666366851
        },
        "position_error_3d_m": 8.392885614180388,
        "weighted_residual_rms_m": 1.0533224641503107
      }
    }
  },
  "monte_carlo": {
    "based_on_case": "B",
    "num_runs": 120,
    "stats": {
      "LS": {
        "mean_m": 15.552220966585875,
        "std_m": 9.867972020422226,
        "p90_m": 29.98033145600221
      },
      "WLS": {
        "mean_m": 10.866289873807526,
        "std_m": 6.43519629584712,
        "p90_m": 20.287277183410477
      }
    }
  },
  "output_files": {
    "results_dir": "/Users/guozehao/Documents/ka-Nav/nav_ka_github/corrections/issue_01_truth_dependency/corrected_fullstack/wls/28p0GHz",
    "sky_geometry_png": "/Users/guozehao/Documents/ka-Nav/nav_ka_github/corrections/issue_01_truth_dependency/corrected_fullstack/wls/28p0GHz/sky_geometry.png",
    "geometry_3d_png": "/Users/guozehao/Documents/ka-Nav/nav_ka_github/corrections/issue_01_truth_dependency/corrected_fullstack/wls/28p0GHz/geometry_3d.png",
    "legacy_channel_overview_png": "/Users/guozehao/Documents/ka-Nav/nav_ka_github/corrections/issue_01_truth_dependency/corrected_fullstack/wls/28p0GHz/legacy_channel_overview.png",
    "pseudorange_formation_png": "/Users/guozehao/Documents/ka-Nav/nav_ka_github/corrections/issue_01_truth_dependency/corrected_fullstack/wls/28p0GHz/pseudorange_formation.png",
    "ls_vs_wls_residuals_png": "/Users/guozehao/Documents/ka-Nav/nav_ka_github/corrections/issue_01_truth_dependency/corrected_fullstack/wls/28p0GHz/ls_vs_wls_residuals.png",
    "monte_carlo_position_error_png": "/Users/guozehao/Documents/ka-Nav/nav_ka_github/corrections/issue_01_truth_dependency/corrected_fullstack/wls/28p0GHz/monte_carlo_position_error.png",
    "dop_summary_png": "/Users/guozehao/Documents/ka-Nav/nav_ka_github/corrections/issue_01_truth_dependency/corrected_fullstack/wls/28p0GHz/dop_summary.png",
    "satellite_observations_csv": "/Users/guozehao/Documents/ka-Nav/nav_ka_github/corrections/issue_01_truth_dependency/corrected_fullstack/wls/28p0GHz/satellite_observations.csv",
    "summary_json": "/Users/guozehao/Documents/ka-Nav/nav_ka_github/corrections/issue_01_truth_dependency/corrected_fullstack/wls/28p0GHz/summary.json",
    "report_summary_md": "/Users/guozehao/Documents/ka-Nav/nav_ka_github/corrections/issue_01_truth_dependency/corrected_fullstack/wls/28p0GHz/report_summary.md"
  }
}