{
  "receiver_truth": {
    "latitude_deg": 34.0,
    "longitude_deg": 108.0,
    "height_m": 500.0,
    "receiver_clock_bias_m": 120.0,
    "carrier_frequency_hz": 23000000000.0
  },
  "legacy_coupling_level": "real WKB and single-channel receiver reused; multisat geometry and navigation solution added here",
  "real_reused_components": [
    "build_fields_from_csv",
    "compute_real_wkb_series",
    "build_textbook_signal_config",
    "build_navigation_data_model",
    "run_textbook_acquisition",
    "run_textbook_tracking",
    "form_standard_observables"
  ],
  "simplified_components": [
    "多星几何使用静态自洽 az/el 场景，不是真实星历。",
    "所有卫星共享同一真实单通道 WKB/接收机背景，再按仰角映射到多星伪距形成。",
    "对流层、卫星钟差、硬件偏差使用参数化项。",
    "多星伪距方差由旧脚本单通道伪距误差统计映射得到，不是真实多星同步跟踪输出。"
  ],
  "claim_boundary": "本结果代表真实单通道 Ka/WKB 背景耦合下的 hybrid 多星标准伪距/WLS 实验，不代表真实多星端到端 Ka 导航系统。",
  "legacy_channel_metrics": {
    "effective_pseudorange_sigma_100ms_m": 2309.6867588882737,
    "effective_pseudorange_sigma_1s_m": 2113.612439395064,
    "effective_pseudorange_rmse_m": 2278.62802159003,
    "effective_pseudorange_bias_m": -1190.3050475268944,
    "tau_g_median_m": 0.14438201067253936,
    "tau_g_span_m": 0.03784514143232984
  },
  "experiments": {
    "A": {
      "case_name": "A",
      "description": "几何较好、噪声中等；验证在真实单通道背景映射下 LS/WLS 都能工作。",
      "num_satellites": 8,
      "dops": {
        "GDOP": 4.32480148903137,
        "PDOP": 3.555851564906343,
        "HDOP": 1.4279257363997195,
        "VDOP": 3.2565485476151297,
        "TDOP": 2.461671701888996
      },
      "ls": {
        "converged": true,
        "iterations": 4,
        "position_ecef_m": [
          -1635870.3604077653,
          5034027.369376219,
          3546403.1872239155
        ],
        "clock_bias_m": -312.48954776974136,
        "clock_bias_s": -1.042352932606935e-06,
        "enu_error_m": {
          "east": 205.15879404483044,
          "north": 21.110569155564065,
          "up": -608.8676401372122
        },
        "position_error_3d_m": 642.8495859143558,
        "residual_rms_m": 219.19859623190007
      },
      "wls": {
        "converged": true,
        "iterations": 4,
        "position_ecef_m": [
          -1635860.1403448733,
          5034091.178980138,
          3546458.0991078643
        ],
        "clock_bias_m": -252.56948995649165,
        "clock_bias_s": -8.424811339199589e-07,
        "enu_error_m": {
          "east": 175.72068461910231,
          "north": 34.46512983809194,
          "up": -530.46812700686
        },
        "position_error_3d_m": 559.8768060456949,
        "weighted_residual_rms_m": 0.17700256008332058
      }
    },
    "B": {
      "case_name": "B",
      "description": "引入低仰角大误差；低仰角星更容易放大真实单通道背景映射出的测量不确定性。",
      "num_satellites": 8,
      "dops": {
        "GDOP": 2.3345717240459307,
        "PDOP": 2.1040175018509686,
        "HDOP": 1.1512697647243384,
        "VDOP": 1.7610984006939414,
        "TDOP": 1.0116004579969304
      },
      "ls": {
        "converged": true,
        "iterations": 5,
        "position_ecef_m": [
          -1634529.9830204137,
          5045878.560709954,
          3550876.5367893707
        ],
        "clock_bias_m": 7471.6845718746545,
        "clock_bias_s": 2.492285703823361e-05,
        "enu_error_m": {
          "east": -4731.835380203896,
          "north": -2341.4458337960245,
          "up": 10893.419944095443
        },
        "position_error_3d_m": 12105.33901782046,
        "residual_rms_m": 5496.3580986017005
      },
      "wls": {
        "converged": true,
        "iterations": 5,
        "position_ecef_m": [
          -1637332.0771754705,
          5037496.929975769,
          3547539.2185256514
        ],
        "clock_bias_m": 2904.6722770774254,
        "clock_bias_s": 9.688943799504874e-06,
        "enu_error_m": {
          "east": 523.1808626742445,
          "north": -1134.857402923867,
          "up": 3136.4806471190286
        },
        "position_error_3d_m": 3376.259822613164,
        "weighted_residual_rms_m": 1.0533216425776968
      }
    }
  },
  "monte_carlo": {
    "based_on_case": "B",
    "num_runs": 120,
    "stats": {
      "LS": {
        "mean_m": 6593.592345813473,
        "std_m": 4471.003194149007,
        "p90_m": 11995.153804871497
      },
      "WLS": {
        "mean_m": 4731.163834132098,
        "std_m": 2921.04579950517,
        "p90_m": 8331.811690412438
      }
    }
  },
  "output_files": {
    "results_dir": "/Users/guozehao/Documents/ka-Nav/nav_ka_github/corrections/issue_03_textbook_full_correction/corrected_fullstack/wls/23p0GHz",
    "sky_geometry_png": "/Users/guozehao/Documents/ka-Nav/nav_ka_github/corrections/issue_03_textbook_full_correction/corrected_fullstack/wls/23p0GHz/sky_geometry.png",
    "geometry_3d_png": "/Users/guozehao/Documents/ka-Nav/nav_ka_github/corrections/issue_03_textbook_full_correction/corrected_fullstack/wls/23p0GHz/geometry_3d.png",
    "legacy_channel_overview_png": "/Users/guozehao/Documents/ka-Nav/nav_ka_github/corrections/issue_03_textbook_full_correction/corrected_fullstack/wls/23p0GHz/legacy_channel_overview.png",
    "pseudorange_formation_png": "/Users/guozehao/Documents/ka-Nav/nav_ka_github/corrections/issue_03_textbook_full_correction/corrected_fullstack/wls/23p0GHz/pseudorange_formation.png",
    "ls_vs_wls_residuals_png": "/Users/guozehao/Documents/ka-Nav/nav_ka_github/corrections/issue_03_textbook_full_correction/corrected_fullstack/wls/23p0GHz/ls_vs_wls_residuals.png",
    "monte_carlo_position_error_png": "/Users/guozehao/Documents/ka-Nav/nav_ka_github/corrections/issue_03_textbook_full_correction/corrected_fullstack/wls/23p0GHz/monte_carlo_position_error.png",
    "dop_summary_png": "/Users/guozehao/Documents/ka-Nav/nav_ka_github/corrections/issue_03_textbook_full_correction/corrected_fullstack/wls/23p0GHz/dop_summary.png",
    "satellite_observations_csv": "/Users/guozehao/Documents/ka-Nav/nav_ka_github/corrections/issue_03_textbook_full_correction/corrected_fullstack/wls/23p0GHz/satellite_observations.csv",
    "summary_json": "/Users/guozehao/Documents/ka-Nav/nav_ka_github/corrections/issue_03_textbook_full_correction/corrected_fullstack/wls/23p0GHz/summary.json",
    "report_summary_md": "/Users/guozehao/Documents/ka-Nav/nav_ka_github/corrections/issue_03_textbook_full_correction/corrected_fullstack/wls/23p0GHz/report_summary.md"
  }
}