{
  "receiver_truth": {
    "latitude_deg": 34.0,
    "longitude_deg": 108.0,
    "height_m": 500.0,
    "receiver_clock_bias_m": 120.0,
    "carrier_frequency_hz": 23500000000.0
  },
  "legacy_coupling_level": "real WKB and single-channel receiver reused; multisat geometry and navigation solution added here",
  "real_reused_components": [
    "build_fields_from_csv",
    "compute_real_wkb_series",
    "build_signal_config_from_wkb_time",
    "resample_wkb_to_receiver_time",
    "KaBpskReceiver.run"
  ],
  "simplified_components": [
    "多星几何使用静态自洽 az/el 场景，不是真实星历。",
    "所有卫星共享同一真实单通道 WKB/接收机背景，再按仰角映射到多星伪距形成。",
    "对流层、卫星钟差、硬件偏差使用参数化项。",
    "多星伪距方差由旧脚本单通道伪距误差统计映射得到，不是真实多星同步跟踪输出。"
  ],
  "claim_boundary": "本结果代表真实单通道 Ka/WKB 背景耦合下的 hybrid 多星标准伪距/WLS 实验，不代表真实多星端到端 Ka 导航系统。",
  "legacy_channel_metrics": {
    "effective_pseudorange_sigma_100ms_m": 2162.4442149085753,
    "effective_pseudorange_sigma_1s_m": 1919.7167584384677,
    "effective_pseudorange_rmse_m": 2003.3498642848242,
    "effective_pseudorange_bias_m": -931.3508932605229,
    "tau_g_median_m": 0.1441664566646948,
    "tau_g_span_m": 0.035498920242752974
  },
  "experiments": {
    "A": {
      "case_name": "A",
      "description": "几何较好、噪声中等；验证在真实单通道背景映射下 LS/WLS 都能工作。",
      "num_satellites": 8,
      "dops": {
        "GDOP": 4.32480148903137,
        "PDOP": 3.555851564906343,
        "HDOP": 1.4279257363997195,
        "VDOP": 3.2565485476151297,
        "TDOP": 2.461671701888996
      },
      "ls": {
        "converged": true,
        "iterations": 4,
        "position_ecef_m": [
          -1635867.104945167,
          5034078.256132406,
          3546432.8163043363
        ],
        "clock_bias_m": -272.81316344829906,
        "clock_bias_s": -9.100067602377745e-07,
        "enu_error_m": {
          "east": 186.3377926766814,
          "north": 19.17393335409949,
          "up": -553.0110223748428
        },
        "position_error_3d_m": 583.8755034833661,
        "residual_rms_m": 199.09005944033254
      },
      "wls": {
        "converged": true,
        "iterations": 4,
        "position_ecef_m": [
          -1635857.8224703893,
          5034136.211749797,
          3546482.690546298
        ],
        "clock_bias_m": -218.3903273043825,
        "clock_bias_s": -7.284717192731463e-07,
        "enu_error_m": {
          "east": 159.60036385886195,
          "north": 31.30337507450548,
          "up": -481.8039687907271
        },
        "position_error_3d_m": 508.5147409637524,
        "weighted_residual_rms_m": 0.17700256091010436
      }
    },
    "B": {
      "case_name": "B",
      "description": "引入低仰角大误差；低仰角星更容易放大真实单通道背景映射出的测量不确定性。",
      "num_satellites": 8,
      "dops": {
        "GDOP": 2.3345717240459307,
        "PDOP": 2.1040175018509686,
        "HDOP": 1.1512697647243384,
        "VDOP": 1.7610984006939414,
        "TDOP": 1.0116004579969304
      },
      "ls": {
        "converged": true,
        "iterations": 5,
        "position_ecef_m": [
          -1634649.5977364928,
          5044842.646412256,
          3550495.9491789443
        ],
        "clock_bias_m": 6797.659735866217,
        "clock_bias_s": 2.2674552192591237e-05,
        "enu_error_m": {
          "east": -4297.959902327397,
          "north": -2126.7125564853686,
          "up": 9894.463122705816
        },
        "position_error_3d_m": 10995.261074959155,
        "residual_rms_m": 4992.12960747813
      },
      "wls": {
        "converged": true,
        "iterations": 5,
        "position_ecef_m": [
          -1637194.7322530767,
          5037229.543770558,
          3547464.637126656
        ],
        "clock_bias_m": 2649.235598415524,
        "clock_bias_s": 8.836898753522092e-06,
        "enu_error_m": {
          "east": 475.1849607230007,
          "north": -1030.7525513362848,
          "up": 2848.765564455463
        },
        "position_error_3d_m": 3066.5480283554716,
        "weighted_residual_rms_m": 1.0533217181412888
      }
    }
  },
  "monte_carlo": {
    "based_on_case": "B",
    "num_runs": 120,
    "stats": {
      "LS": {
        "mean_m": 5984.380871416778,
        "std_m": 3420.711865211281,
        "p90_m": 10590.327035223245
      },
      "WLS": {
        "mean_m": 4026.1289698921,
        "std_m": 2240.6143624132324,
        "p90_m": 6656.585324408587
      }
    }
  },
  "output_files": {
    "results_dir": "/Users/guozehao/Documents/ka-Nav/nav_ka_github/corrections/issue_01_truth_dependency/corrected_fullstack/wls/23p5GHz",
    "sky_geometry_png": "/Users/guozehao/Documents/ka-Nav/nav_ka_github/corrections/issue_01_truth_dependency/corrected_fullstack/wls/23p5GHz/sky_geometry.png",
    "geometry_3d_png": "/Users/guozehao/Documents/ka-Nav/nav_ka_github/corrections/issue_01_truth_dependency/corrected_fullstack/wls/23p5GHz/geometry_3d.png",
    "legacy_channel_overview_png": "/Users/guozehao/Documents/ka-Nav/nav_ka_github/corrections/issue_01_truth_dependency/corrected_fullstack/wls/23p5GHz/legacy_channel_overview.png",
    "pseudorange_formation_png": "/Users/guozehao/Documents/ka-Nav/nav_ka_github/corrections/issue_01_truth_dependency/corrected_fullstack/wls/23p5GHz/pseudorange_formation.png",
    "ls_vs_wls_residuals_png": "/Users/guozehao/Documents/ka-Nav/nav_ka_github/corrections/issue_01_truth_dependency/corrected_fullstack/wls/23p5GHz/ls_vs_wls_residuals.png",
    "monte_carlo_position_error_png": "/Users/guozehao/Documents/ka-Nav/nav_ka_github/corrections/issue_01_truth_dependency/corrected_fullstack/wls/23p5GHz/monte_carlo_position_error.png",
    "dop_summary_png": "/Users/guozehao/Documents/ka-Nav/nav_ka_github/corrections/issue_01_truth_dependency/corrected_fullstack/wls/23p5GHz/dop_summary.png",
    "satellite_observations_csv": "/Users/guozehao/Documents/ka-Nav/nav_ka_github/corrections/issue_01_truth_dependency/corrected_fullstack/wls/23p5GHz/satellite_observations.csv",
    "summary_json": "/Users/guozehao/Documents/ka-Nav/nav_ka_github/corrections/issue_01_truth_dependency/corrected_fullstack/wls/23p5GHz/summary.json",
    "report_summary_md": "/Users/guozehao/Documents/ka-Nav/nav_ka_github/corrections/issue_01_truth_dependency/corrected_fullstack/wls/23p5GHz/report_summary.md"
  }
}