{
  "receiver_truth": {
    "latitude_deg": 34.0,
    "longitude_deg": 108.0,
    "height_m": 500.0,
    "receiver_clock_bias_m": 120.0,
    "carrier_frequency_hz": 27000000000.0
  },
  "legacy_coupling_level": "real WKB and single-channel receiver reused; multisat geometry and navigation solution added here",
  "real_reused_components": [
    "build_fields_from_csv",
    "compute_real_wkb_series",
    "build_signal_config_from_wkb_time",
    "resample_wkb_to_receiver_time",
    "KaBpskReceiver.run"
  ],
  "simplified_components": [
    "多星几何使用静态自洽 az/el 场景，不是真实星历。",
    "所有卫星共享同一真实单通道 WKB/接收机背景，再按仰角映射到多星伪距形成。",
    "对流层、卫星钟差、硬件偏差使用参数化项。",
    "多星伪距方差由旧脚本单通道伪距误差统计映射得到，不是真实多星同步跟踪输出。"
  ],
  "claim_boundary": "本结果代表真实单通道 Ka/WKB 背景耦合下的 hybrid 多星标准伪距/WLS 实验，不代表真实多星端到端 Ka 导航系统。",
  "legacy_channel_metrics": {
    "effective_pseudorange_sigma_100ms_m": 149.89920710545647,
    "effective_pseudorange_sigma_1s_m": 5.391995241376684,
    "effective_pseudorange_rmse_m": 17.281015661123913,
    "effective_pseudorange_bias_m": -15.24387861525847,
    "tau_g_median_m": 0.14303458697698096,
    "tau_g_span_m": 0.03558413058308574
  },
  "experiments": {
    "A": {
      "case_name": "A",
      "description": "几何较好、噪声中等；验证在真实单通道背景映射下 LS/WLS 都能工作。",
      "num_satellites": 8,
      "dops": {
        "GDOP": 4.32480148903137,
        "PDOP": 3.555851564906343,
        "HDOP": 1.4279257363997195,
        "VDOP": 3.2565485476151297,
        "TDOP": 2.461671701888996
      },
      "ls": {
        "converged": true,
        "iterations": 4,
        "position_ecef_m": [
          -1635834.9650234827,
          5034580.647748268,
          3546725.3363214135
        ],
        "clock_bias_m": 118.89672260189548,
        "clock_bias_s": 3.965967769672694e-07,
        "enu_error_m": {
          "east": 0.5233635927707732,
          "north": 0.053854046847610526,
          "up": -1.553235090367937
        },
        "position_error_3d_m": 1.6399234599669856,
        "residual_rms_m": 0.5591933492163584
      },
      "wls": {
        "converged": true,
        "iterations": 4,
        "position_ecef_m": [
          -1635834.938952318,
          5034580.810522278,
          3546725.476399605
        ],
        "clock_bias_m": 119.04957256865104,
        "clock_bias_s": 3.9710662957588827e-07,
        "enu_error_m": {
          "east": 0.4482685064229638,
          "north": 0.08792209715989663,
          "up": -1.3532423915716203
        },
        "position_error_3d_m": 1.4282646531249548,
        "weighted_residual_rms_m": 0.17700256911606163
      }
    },
    "B": {
      "case_name": "B",
      "description": "引入低仰角大误差；低仰角星更容易放大真实单通道背景映射出的测量不确定性。",
      "num_satellites": 8,
      "dops": {
        "GDOP": 2.3345717240459307,
        "PDOP": 2.1040175018509686,
        "HDOP": 1.1512697647243384,
        "VDOP": 1.7610984006939414,
        "TDOP": 1.0116004579969304
      },
      "ls": {
        "converged": true,
        "iterations": 4,
        "position_ecef_m": [
          -1635831.542816799,
          5034610.892923477,
          3546736.75288009
        ],
        "clock_bias_m": 138.76677479119684,
        "clock_bias_s": 4.6287613676791307e-07,
        "enu_error_m": {
          "east": -12.07762151134658,
          "north": -5.975143883755312,
          "up": 27.801258473201436
        },
        "position_error_3d_m": 30.89468010024824,
        "residual_rms_m": 14.021311545881922
      },
      "wls": {
        "converged": true,
        "iterations": 4,
        "position_ecef_m": [
          -1635838.694087655,
          5034589.499268328,
          3546728.234587519
        ],
        "clock_bias_m": 127.10452668849226,
        "clock_bias_s": 4.239750644043629e-07,
        "enu_error_m": {
          "east": 1.3346442491063524,
          "north": -2.895208445274366,
          "up": 8.001874929922952
        },
        "position_error_3d_m": 8.613565441058082,
        "weighted_residual_rms_m": 1.0533224641800192
      }
    }
  },
  "monte_carlo": {
    "based_on_case": "B",
    "num_runs": 120,
    "stats": {
      "LS": {
        "mean_m": 17.166704559866137,
        "std_m": 11.62721758337289,
        "p90_m": 35.12162913807737
      },
      "WLS": {
        "mean_m": 12.529482555803439,
        "std_m": 7.1046656009481515,
        "p90_m": 21.962854609648062
      }
    }
  },
  "output_files": {
    "results_dir": "/Users/guozehao/Documents/ka-Nav/nav_ka_github/corrections/issue_01_truth_dependency/corrected_fullstack/wls/27p0GHz",
    "sky_geometry_png": "/Users/guozehao/Documents/ka-Nav/nav_ka_github/corrections/issue_01_truth_dependency/corrected_fullstack/wls/27p0GHz/sky_geometry.png",
    "geometry_3d_png": "/Users/guozehao/Documents/ka-Nav/nav_ka_github/corrections/issue_01_truth_dependency/corrected_fullstack/wls/27p0GHz/geometry_3d.png",
    "legacy_channel_overview_png": "/Users/guozehao/Documents/ka-Nav/nav_ka_github/corrections/issue_01_truth_dependency/corrected_fullstack/wls/27p0GHz/legacy_channel_overview.png",
    "pseudorange_formation_png": "/Users/guozehao/Documents/ka-Nav/nav_ka_github/corrections/issue_01_truth_dependency/corrected_fullstack/wls/27p0GHz/pseudorange_formation.png",
    "ls_vs_wls_residuals_png": "/Users/guozehao/Documents/ka-Nav/nav_ka_github/corrections/issue_01_truth_dependency/corrected_fullstack/wls/27p0GHz/ls_vs_wls_residuals.png",
    "monte_carlo_position_error_png": "/Users/guozehao/Documents/ka-Nav/nav_ka_github/corrections/issue_01_truth_dependency/corrected_fullstack/wls/27p0GHz/monte_carlo_position_error.png",
    "dop_summary_png": "/Users/guozehao/Documents/ka-Nav/nav_ka_github/corrections/issue_01_truth_dependency/corrected_fullstack/wls/27p0GHz/dop_summary.png",
    "satellite_observations_csv": "/Users/guozehao/Documents/ka-Nav/nav_ka_github/corrections/issue_01_truth_dependency/corrected_fullstack/wls/27p0GHz/satellite_observations.csv",
    "summary_json": "/Users/guozehao/Documents/ka-Nav/nav_ka_github/corrections/issue_01_truth_dependency/corrected_fullstack/wls/27p0GHz/summary.json",
    "report_summary_md": "/Users/guozehao/Documents/ka-Nav/nav_ka_github/corrections/issue_01_truth_dependency/corrected_fullstack/wls/27p0GHz/report_summary.md"
  }
}