{
  "receiver_truth": {
    "latitude_deg": 34.0,
    "longitude_deg": 108.0,
    "height_m": 500.0,
    "receiver_clock_bias_m": 120.0,
    "carrier_frequency_hz": 27000000000.0
  },
  "legacy_coupling_level": "real WKB and single-channel receiver reused; multisat geometry and navigation solution added here",
  "real_reused_components": [
    "build_fields_from_csv",
    "compute_real_wkb_series",
    "build_signal_config_from_wkb_time",
    "resample_wkb_to_receiver_time",
    "KaBpskReceiver.run"
  ],
  "simplified_components": [
    "多星几何使用静态自洽 az/el 场景，不是真实星历。",
    "所有卫星共享同一真实单通道 WKB/接收机背景，再按仰角映射到多星伪距形成。",
    "对流层、卫星钟差、硬件偏差使用参数化项。",
    "多星伪距方差由旧脚本单通道伪距误差统计映射得到，不是真实多星同步跟踪输出。"
  ],
  "claim_boundary": "本结果代表真实单通道 Ka/WKB 背景耦合下的 hybrid 多星标准伪距/WLS 实验，不代表真实多星端到端 Ka 导航系统。",
  "legacy_channel_metrics": {
    "effective_pseudorange_sigma_100ms_m": 144.92193526149637,
    "effective_pseudorange_sigma_1s_m": 27.074437929514158,
    "effective_pseudorange_rmse_m": 28.55306869057285,
    "effective_pseudorange_bias_m": -9.83250985536661,
    "tau_g_median_m": 0.14303458697694704,
    "tau_g_span_m": 0.03558413058308574
  },
  "experiments": {
    "A": {
      "case_name": "A",
      "description": "几何较好、噪声中等；验证在真实单通道背景映射下 LS/WLS 都能工作。",
      "num_satellites": 8,
      "dops": {
        "GDOP": 4.324801489031356,
        "PDOP": 3.5558515649063316,
        "HDOP": 1.4279257363997166,
        "VDOP": 3.2565485476151177,
        "TDOP": 2.4616717018889873
      },
      "ls": {
        "converged": true,
        "iterations": 3,
        "position_ecef_m": [
          -1635835.3290421048,
          5034574.95756681,
          3546722.0231863162
        ],
        "clock_bias_m": 114.46019055657115,
        "clock_bias_s": 3.817980989921072e-07,
        "enu_error_m": {
          "east": 2.6279286470065486,
          "north": 0.27041348491104955,
          "up": -7.799149490277124
        },
        "position_error_3d_m": 8.23443168641706,
        "residual_rms_m": 2.8078373441379907
      },
      "wls": {
        "converged": true,
        "iterations": 3,
        "position_ecef_m": [
          -1635835.1981327916,
          5034575.774892711,
          3546722.7265512017
        ],
        "clock_bias_m": 115.22768566758103,
        "clock_bias_s": 3.8435818711483736e-07,
        "enu_error_m": {
          "east": 2.25085889820374,
          "north": 0.4414769710787252,
          "up": -6.794939986541388
        },
        "position_error_3d_m": 7.171643961904055,
        "weighted_residual_rms_m": 0.1770025690122191
      }
    },
    "B": {
      "case_name": "B",
      "description": "引入低仰角大误差；低仰角星更容易放大真实单通道背景映射出的测量不确定性。",
      "num_satellites": 8,
      "dops": {
        "GDOP": 2.334571724045933,
        "PDOP": 2.1040175018509704,
        "HDOP": 1.1512697647243388,
        "VDOP": 1.7610984006939427,
        "TDOP": 1.0116004579969313
      },
      "ls": {
        "converged": true,
        "iterations": 3,
        "position_ecef_m": [
          -1635818.1455062618,
          5034726.824878542,
          3546779.348089356
        ],
        "clock_bias_m": 214.2316346742943,
        "clock_bias_s": 7.145998138295204e-07,
        "enu_error_m": {
          "east": -60.644165304595816,
          "north": -30.002460666425964,
          "up": 139.59587757255795
        },
        "position_error_3d_m": 155.1285643161316,
        "residual_rms_m": 70.40422085004562
      },
      "wls": {
        "converged": true,
        "iterations": 3,
        "position_ecef_m": [
          -1635854.0535183258,
          5034619.40304765,
          3546736.5760332793
        ],
        "clock_bias_m": 155.67341772478053,
        "clock_bias_s": 5.192706272977038e-07,
        "enu_error_m": {
          "east": 6.701554868406097,
          "north": -14.537496985592018,
          "up": 40.17921530585886
        },
        "position_error_3d_m": 43.250653161020786,
        "weighted_residual_rms_m": 1.0533224556995366
      }
    }
  },
  "monte_carlo": {
    "based_on_case": "B",
    "num_runs": 120,
    "stats": {
      "LS": {
        "mean_m": 86.19801618110081,
        "std_m": 58.383070872033386,
        "p90_m": 176.35415626083235
      },
      "WLS": {
        "mean_m": 62.91341206462233,
        "std_m": 35.6741737871825,
        "p90_m": 110.28069776920294
      }
    }
  },
  "output_files": {
    "results_dir": "/home/guo/src/nav_ka_github/results_ka_multifreq/wls/27p0GHz",
    "sky_geometry_png": "/home/guo/src/nav_ka_github/results_ka_multifreq/wls/27p0GHz/sky_geometry.png",
    "geometry_3d_png": "/home/guo/src/nav_ka_github/results_ka_multifreq/wls/27p0GHz/geometry_3d.png",
    "legacy_channel_overview_png": "/home/guo/src/nav_ka_github/results_ka_multifreq/wls/27p0GHz/legacy_channel_overview.png",
    "pseudorange_formation_png": "/home/guo/src/nav_ka_github/results_ka_multifreq/wls/27p0GHz/pseudorange_formation.png",
    "ls_vs_wls_residuals_png": "/home/guo/src/nav_ka_github/results_ka_multifreq/wls/27p0GHz/ls_vs_wls_residuals.png",
    "monte_carlo_position_error_png": "/home/guo/src/nav_ka_github/results_ka_multifreq/wls/27p0GHz/monte_carlo_position_error.png",
    "dop_summary_png": "/home/guo/src/nav_ka_github/results_ka_multifreq/wls/27p0GHz/dop_summary.png",
    "satellite_observations_csv": "/home/guo/src/nav_ka_github/results_ka_multifreq/wls/27p0GHz/satellite_observations.csv",
    "summary_json": "/home/guo/src/nav_ka_github/results_ka_multifreq/wls/27p0GHz/summary.json",
    "report_summary_md": "/home/guo/src/nav_ka_github/results_ka_multifreq/wls/27p0GHz/report_summary.md"
  }
}