{
  "receiver_truth": {
    "latitude_deg": 34.0,
    "longitude_deg": 108.0,
    "height_m": 500.0,
    "receiver_clock_bias_m": 120.0,
    "carrier_frequency_hz": 30500000000.0
  },
  "legacy_coupling_level": "real WKB and single-channel receiver reused; multisat geometry and navigation solution added here",
  "real_reused_components": [
    "build_fields_from_csv",
    "compute_real_wkb_series",
    "build_signal_config_from_wkb_time",
    "resample_wkb_to_receiver_time",
    "KaBpskReceiver.run"
  ],
  "simplified_components": [
    "多星几何使用静态自洽 az/el 场景，不是真实星历。",
    "所有卫星共享同一真实单通道 WKB/接收机背景，再按仰角映射到多星伪距形成。",
    "对流层、卫星钟差、硬件偏差使用参数化项。",
    "多星伪距方差由旧脚本单通道伪距误差统计映射得到，不是真实多星同步跟踪输出。"
  ],
  "claim_boundary": "本结果代表真实单通道 Ka/WKB 背景耦合下的 hybrid 多星标准伪距/WLS 实验，不代表真实多星端到端 Ka 导航系统。",
  "legacy_channel_metrics": {
    "effective_pseudorange_sigma_100ms_m": 150.37428616407635,
    "effective_pseudorange_sigma_1s_m": 5.3036439644865565,
    "effective_pseudorange_rmse_m": 16.8039761574125,
    "effective_pseudorange_bias_m": -14.934959240593649,
    "tau_g_median_m": 0.1423286663686325,
    "tau_g_span_m": 0.02179152687690525
  },
  "experiments": {
    "A": {
      "case_name": "A",
      "description": "几何较好、噪声中等；验证在真实单通道背景映射下 LS/WLS 都能工作。",
      "num_satellites": 8,
      "dops": {
        "GDOP": 4.32480148903137,
        "PDOP": 3.555851564906343,
        "HDOP": 1.4279257363997195,
        "VDOP": 3.2565485476151297,
        "TDOP": 2.461671701888996
      },
      "ls": {
        "converged": true,
        "iterations": 4,
        "position_ecef_m": [
          -1635834.9635401848,
          5034580.670934523,
          3546725.349821719
        ],
        "clock_bias_m": 118.91480050422606,
        "clock_bias_s": 3.9665707835860923e-07,
        "enu_error_m": {
          "east": 0.5147879457238357,
          "north": 0.052971612993814365,
          "up": -1.5277843450346555
        },
        "position_error_3d_m": 1.6130522700082304,
        "residual_rms_m": 0.5500306096833348
      },
      "wls": {
        "converged": true,
        "iterations": 4,
        "position_ecef_m": [
          -1635834.9378962172,
          5034580.831041369,
          3546725.487604637
        ],
        "clock_bias_m": 119.06514592094041,
        "clock_bias_s": 3.9715857668754433e-07,
        "enu_error_m": {
          "east": 0.4409233471918469,
          "north": 0.08648143793316954,
          "up": -1.3310686612659848
        },
        "position_error_3d_m": 1.404861636678243,
        "weighted_residual_rms_m": 0.17700256887537966
      }
    },
    "B": {
      "case_name": "B",
      "description": "引入低仰角大误差；低仰角星更容易放大真实单通道背景映射出的测量不确定性。",
      "num_satellites": 8,
      "dops": {
        "GDOP": 2.3345717240459307,
        "PDOP": 2.1040175018509686,
        "HDOP": 1.1512697647243384,
        "VDOP": 1.7610984006939414,
        "TDOP": 1.0116004579969304
      },
      "ls": {
        "converged": true,
        "iterations": 4,
        "position_ecef_m": [
          -1635831.5974084216,
          5034610.420523761,
          3546736.579313005
        ],
        "clock_bias_m": 138.45926972674087,
        "clock_bias_s": 4.6185041028197205e-07,
        "enu_error_m": {
          "east": -11.87972225240792,
          "north": -5.877237424499921,
          "up": 27.34571760921925
        },
        "position_error_3d_m": 30.38845162395514,
        "residual_rms_m": 13.791563411527571
      },
      "wls": {
        "converged": true,
        "iterations": 4,
        "position_ecef_m": [
          -1635838.6315012749,
          5034589.3774168,
          3546728.2005978934
        ],
        "clock_bias_m": 126.98811451425078,
        "clock_bias_s": 4.235867551886538e-07,
        "enu_error_m": {
          "east": 1.3127752573776448,
          "north": -2.8477686147809016,
          "up": 7.870759125382277
        },
        "position_error_3d_m": 8.472426698974884,
        "weighted_residual_rms_m": 1.053322464168977
      }
    }
  },
  "monte_carlo": {
    "based_on_case": "B",
    "num_runs": 120,
    "stats": {
      "LS": {
        "mean_m": 14.958757970668762,
        "std_m": 9.67700593275413,
        "p90_m": 26.777738990465096
      },
      "WLS": {
        "mean_m": 11.670125688623216,
        "std_m": 7.267944790521181,
        "p90_m": 22.43481725342336
      }
    }
  },
  "output_files": {
    "results_dir": "/Users/guozehao/Documents/ka-Nav/nav_ka_github/corrections/issue_01_truth_dependency/corrected_fullstack/wls/30p5GHz",
    "sky_geometry_png": "/Users/guozehao/Documents/ka-Nav/nav_ka_github/corrections/issue_01_truth_dependency/corrected_fullstack/wls/30p5GHz/sky_geometry.png",
    "geometry_3d_png": "/Users/guozehao/Documents/ka-Nav/nav_ka_github/corrections/issue_01_truth_dependency/corrected_fullstack/wls/30p5GHz/geometry_3d.png",
    "legacy_channel_overview_png": "/Users/guozehao/Documents/ka-Nav/nav_ka_github/corrections/issue_01_truth_dependency/corrected_fullstack/wls/30p5GHz/legacy_channel_overview.png",
    "pseudorange_formation_png": "/Users/guozehao/Documents/ka-Nav/nav_ka_github/corrections/issue_01_truth_dependency/corrected_fullstack/wls/30p5GHz/pseudorange_formation.png",
    "ls_vs_wls_residuals_png": "/Users/guozehao/Documents/ka-Nav/nav_ka_github/corrections/issue_01_truth_dependency/corrected_fullstack/wls/30p5GHz/ls_vs_wls_residuals.png",
    "monte_carlo_position_error_png": "/Users/guozehao/Documents/ka-Nav/nav_ka_github/corrections/issue_01_truth_dependency/corrected_fullstack/wls/30p5GHz/monte_carlo_position_error.png",
    "dop_summary_png": "/Users/guozehao/Documents/ka-Nav/nav_ka_github/corrections/issue_01_truth_dependency/corrected_fullstack/wls/30p5GHz/dop_summary.png",
    "satellite_observations_csv": "/Users/guozehao/Documents/ka-Nav/nav_ka_github/corrections/issue_01_truth_dependency/corrected_fullstack/wls/30p5GHz/satellite_observations.csv",
    "summary_json": "/Users/guozehao/Documents/ka-Nav/nav_ka_github/corrections/issue_01_truth_dependency/corrected_fullstack/wls/30p5GHz/summary.json",
    "report_summary_md": "/Users/guozehao/Documents/ka-Nav/nav_ka_github/corrections/issue_01_truth_dependency/corrected_fullstack/wls/30p5GHz/report_summary.md"
  }
}