{
  "receiver_truth": {
    "latitude_deg": 34.0,
    "longitude_deg": 108.0,
    "height_m": 500.0,
    "receiver_clock_bias_m": 120.0,
    "carrier_frequency_hz": 19000000000.0
  },
  "legacy_coupling_level": "real WKB and single-channel receiver reused; multisat geometry and navigation solution added here",
  "real_reused_components": [
    "build_fields_from_csv",
    "compute_real_wkb_series",
    "build_textbook_signal_config",
    "build_navigation_data_model",
    "run_textbook_acquisition",
    "run_textbook_tracking",
    "form_standard_observables"
  ],
  "simplified_components": [
    "多星几何使用静态自洽 az/el 场景，不是真实星历。",
    "所有卫星共享同一真实单通道 WKB/接收机背景，再按仰角映射到多星伪距形成。",
    "对流层、卫星钟差、硬件偏差使用参数化项。",
    "多星伪距方差由旧脚本单通道伪距误差统计映射得到，不是真实多星同步跟踪输出。"
  ],
  "claim_boundary": "本结果代表真实单通道 Ka/WKB 背景耦合下的 hybrid 多星标准伪距/WLS 实验，不代表真实多星端到端 Ka 导航系统。",
  "legacy_channel_metrics": {
    "effective_pseudorange_sigma_100ms_m": 2322.7557174746225,
    "effective_pseudorange_sigma_1s_m": 2105.39400326019,
    "effective_pseudorange_rmse_m": 2347.357527213004,
    "effective_pseudorange_bias_m": -1367.0273053405647,
    "tau_g_median_m": 0.14679063030010583,
    "tau_g_span_m": 0.04647270334889292
  },
  "experiments": {
    "A": {
      "case_name": "A",
      "description": "几何较好、噪声中等；验证在真实单通道背景映射下 LS/WLS 都能工作。",
      "num_satellites": 8,
      "dops": {
        "GDOP": 4.32480148903137,
        "PDOP": 3.555851564906343,
        "HDOP": 1.4279257363997195,
        "VDOP": 3.2565485476151297,
        "TDOP": 2.461671701888996
      },
      "ls": {
        "converged": true,
        "iterations": 4,
        "position_ecef_m": [
          -1635870.2224217358,
          5034029.526259699,
          3546404.4430806744
        ],
        "clock_bias_m": -310.80782478512015,
        "clock_bias_s": -1.0367433085495437e-06,
        "enu_error_m": {
          "east": 204.36104788210343,
          "north": 21.02848307768062,
          "up": -606.5001043665562
        },
        "position_error_3d_m": 640.3499133978728,
        "residual_rms_m": 218.3462785224298
      },
      "wls": {
        "converged": true,
        "iterations": 4,
        "position_ecef_m": [
          -1635860.0420994686,
          5034093.087736071,
          3546459.1414389424
        ],
        "clock_bias_m": -251.12077293208267,
        "clock_bias_s": -8.376487340855074e-07,
        "enu_error_m": {
          "east": 175.0374096654129,
          "north": 34.33111596192407,
          "up": -528.4054513013607
        },
        "position_error_3d_m": 557.6997770042259,
        "weighted_residual_rms_m": 0.17700256011807183
      }
    },
    "B": {
      "case_name": "B",
      "description": "引入低仰角大误差；低仰角星更容易放大真实单通道背景映射出的测量不确定性。",
      "num_satellites": 8,
      "dops": {
        "GDOP": 2.3345717240459307,
        "PDOP": 2.1040175018509686,
        "HDOP": 1.1512697647243384,
        "VDOP": 1.7610984006939414,
        "TDOP": 1.0116004579969304
      },
      "ls": {
        "converged": true,
        "iterations": 5,
        "position_ecef_m": [
          -1634535.0526181222,
          5045834.654177722,
          3550860.4058851586
        ],
        "clock_bias_m": 7443.117060280854,
        "clock_bias_s": 2.4827566076665124e-05,
        "enu_error_m": {
          "east": -4713.446041644247,
          "north": -2332.3444365101027,
          "up": 10851.07980641137
        },
        "position_error_3d_m": 12058.289145775201,
        "residual_rms_m": 5474.985892301638
      },
      "wls": {
        "converged": true,
        "iterations": 5,
        "position_ecef_m": [
          -1637326.2557061024,
          5037485.596637113,
          3547536.057352437
        ],
        "clock_bias_m": 2893.8454535622577,
        "clock_bias_s": 9.652829403607804e-06,
        "enu_error_m": {
          "east": 521.1465105447899,
          "north": -1130.4448416256237,
          "up": 3124.2856563040077
        },
        "position_error_3d_m": 3363.132481422335,
        "weighted_residual_rms_m": 1.0533216457801586
      }
    }
  },
  "monte_carlo": {
    "based_on_case": "B",
    "num_runs": 120,
    "stats": {
      "LS": {
        "mean_m": 7027.549641620457,
        "std_m": 4577.719077959935,
        "p90_m": 13101.635775773972
      },
      "WLS": {
        "mean_m": 5050.610258515622,
        "std_m": 2738.931545595457,
        "p90_m": 8767.886710148476
      }
    }
  },
  "output_files": {
    "results_dir": "/Users/guozehao/Documents/ka-Nav/nav_ka_github/corrections/issue_03_textbook_full_correction/corrected_fullstack/wls/19p0GHz",
    "sky_geometry_png": "/Users/guozehao/Documents/ka-Nav/nav_ka_github/corrections/issue_03_textbook_full_correction/corrected_fullstack/wls/19p0GHz/sky_geometry.png",
    "geometry_3d_png": "/Users/guozehao/Documents/ka-Nav/nav_ka_github/corrections/issue_03_textbook_full_correction/corrected_fullstack/wls/19p0GHz/geometry_3d.png",
    "legacy_channel_overview_png": "/Users/guozehao/Documents/ka-Nav/nav_ka_github/corrections/issue_03_textbook_full_correction/corrected_fullstack/wls/19p0GHz/legacy_channel_overview.png",
    "pseudorange_formation_png": "/Users/guozehao/Documents/ka-Nav/nav_ka_github/corrections/issue_03_textbook_full_correction/corrected_fullstack/wls/19p0GHz/pseudorange_formation.png",
    "ls_vs_wls_residuals_png": "/Users/guozehao/Documents/ka-Nav/nav_ka_github/corrections/issue_03_textbook_full_correction/corrected_fullstack/wls/19p0GHz/ls_vs_wls_residuals.png",
    "monte_carlo_position_error_png": "/Users/guozehao/Documents/ka-Nav/nav_ka_github/corrections/issue_03_textbook_full_correction/corrected_fullstack/wls/19p0GHz/monte_carlo_position_error.png",
    "dop_summary_png": "/Users/guozehao/Documents/ka-Nav/nav_ka_github/corrections/issue_03_textbook_full_correction/corrected_fullstack/wls/19p0GHz/dop_summary.png",
    "satellite_observations_csv": "/Users/guozehao/Documents/ka-Nav/nav_ka_github/corrections/issue_03_textbook_full_correction/corrected_fullstack/wls/19p0GHz/satellite_observations.csv",
    "summary_json": "/Users/guozehao/Documents/ka-Nav/nav_ka_github/corrections/issue_03_textbook_full_correction/corrected_fullstack/wls/19p0GHz/summary.json",
    "report_summary_md": "/Users/guozehao/Documents/ka-Nav/nav_ka_github/corrections/issue_03_textbook_full_correction/corrected_fullstack/wls/19p0GHz/report_summary.md"
  }
}