{
  "receiver_truth": {
    "latitude_deg": 34.0,
    "longitude_deg": 108.0,
    "height_m": 500.0,
    "receiver_clock_bias_m": 120.0,
    "carrier_frequency_hz": 25000000000.0
  },
  "legacy_coupling_level": "real WKB and single-channel receiver reused; multisat geometry and navigation solution added here",
  "real_reused_components": [
    "build_fields_from_csv",
    "compute_real_wkb_series",
    "build_textbook_signal_config",
    "build_navigation_data_model",
    "run_textbook_acquisition",
    "run_textbook_tracking",
    "form_standard_observables"
  ],
  "simplified_components": [
    "多星几何使用静态自洽 az/el 场景，不是真实星历。",
    "所有卫星共享同一真实单通道 WKB/接收机背景，再按仰角映射到多星伪距形成。",
    "对流层、卫星钟差、硬件偏差使用参数化项。",
    "多星伪距方差由旧脚本单通道伪距误差统计映射得到，不是真实多星同步跟踪输出。"
  ],
  "claim_boundary": "本结果代表真实单通道 Ka/WKB 背景耦合下的 hybrid 多星标准伪距/WLS 实验，不代表真实多星端到端 Ka 导航系统。",
  "legacy_channel_metrics": {
    "effective_pseudorange_sigma_100ms_m": 2341.7416639497874,
    "effective_pseudorange_sigma_1s_m": 2132.2164668900864,
    "effective_pseudorange_rmse_m": 2292.8317720036634,
    "effective_pseudorange_bias_m": -1190.2850294437706,
    "tau_g_median_m": 0.14361335547710524,
    "tau_g_span_m": 0.031521221469752
  },
  "experiments": {
    "A": {
      "case_name": "A",
      "description": "几何较好、噪声中等；验证在真实单通道背景映射下 LS/WLS 都能工作。",
      "num_satellites": 8,
      "dops": {
        "GDOP": 4.32480148903137,
        "PDOP": 3.555851564906343,
        "HDOP": 1.4279257363997195,
        "VDOP": 3.2565485476151297,
        "TDOP": 2.461671701888996
      },
      "ls": {
        "converged": true,
        "iterations": 4,
        "position_ecef_m": [
          -1635870.6727660971,
          5034022.4868498305,
          3546400.344347213
        ],
        "clock_bias_m": -316.29645629830463,
        "clock_bias_s": -1.0550514125952583e-06,
        "enu_error_m": {
          "east": 206.96464810126847,
          "north": 21.296386981921728,
          "up": -614.227019062887
        },
        "position_error_3d_m": 648.5080821462797,
        "residual_rms_m": 221.12798301442035
      },
      "wls": {
        "converged": true,
        "iterations": 4,
        "position_ecef_m": [
          -1635860.3627425407,
          5034086.858139087,
          3546455.739588308
        ],
        "clock_bias_m": -255.84894372890895,
        "clock_bias_s": -8.534202142233643e-07,
        "enu_error_m": {
          "east": 177.26741068451122,
          "north": 34.768496338754375,
          "up": -535.13739546013
        },
        "position_error_3d_m": 564.804935573602,
        "weighted_residual_rms_m": 0.17700256000409953
      }
    },
    "B": {
      "case_name": "B",
      "description": "引入低仰角大误差；低仰角星更容易放大真实单通道背景映射出的测量不确定性。",
      "num_satellites": 8,
      "dops": {
        "GDOP": 2.3345717240459307,
        "PDOP": 2.1040175018509686,
        "HDOP": 1.1512697647243384,
        "VDOP": 1.7610984006939414,
        "TDOP": 1.0116004579969304
      },
      "ls": {
        "converged": true,
        "iterations": 5,
        "position_ecef_m": [
          -1634518.507123466,
          5045977.951158863,
          3550913.052019932
        ],
        "clock_bias_m": 7536.352158870879,
        "clock_bias_s": 2.5138564889684046e-05,
        "enu_error_m": {
          "east": -4773.462944567424,
          "north": -2362.0485309699834,
          "up": 10989.264580680909
        },
        "position_error_3d_m": 12211.844978135929,
        "residual_rms_m": 5544.73825629624
      },
      "wls": {
        "converged": true,
        "iterations": 5,
        "position_ecef_m": [
          -1637345.2551982591,
          5037522.585171912,
          3547546.3744477974
        ],
        "clock_bias_m": 2929.1808698563427,
        "clock_bias_s": 9.770695665253669e-06,
        "enu_error_m": {
          "east": 527.7860155169263,
          "north": -1144.8460888273698,
          "up": 3164.08635878792
        },
        "position_error_3d_m": 3405.976090806621,
        "weighted_residual_rms_m": 1.0533216353273733
      }
    }
  },
  "monte_carlo": {
    "based_on_case": "B",
    "num_runs": 120,
    "stats": {
      "LS": {
        "mean_m": 6360.5814366398845,
        "std_m": 3610.594820964128,
        "p90_m": 11101.203156705671
      },
      "WLS": {
        "mean_m": 4431.0992927959305,
        "std_m": 2461.6383474069407,
        "p90_m": 8292.074683997895
      }
    }
  },
  "output_files": {
    "results_dir": "/Users/guozehao/Documents/ka-Nav/nav_ka_github/corrections/issue_03_textbook_full_correction/corrected_fullstack/wls/25p0GHz",
    "sky_geometry_png": "/Users/guozehao/Documents/ka-Nav/nav_ka_github/corrections/issue_03_textbook_full_correction/corrected_fullstack/wls/25p0GHz/sky_geometry.png",
    "geometry_3d_png": "/Users/guozehao/Documents/ka-Nav/nav_ka_github/corrections/issue_03_textbook_full_correction/corrected_fullstack/wls/25p0GHz/geometry_3d.png",
    "legacy_channel_overview_png": "/Users/guozehao/Documents/ka-Nav/nav_ka_github/corrections/issue_03_textbook_full_correction/corrected_fullstack/wls/25p0GHz/legacy_channel_overview.png",
    "pseudorange_formation_png": "/Users/guozehao/Documents/ka-Nav/nav_ka_github/corrections/issue_03_textbook_full_correction/corrected_fullstack/wls/25p0GHz/pseudorange_formation.png",
    "ls_vs_wls_residuals_png": "/Users/guozehao/Documents/ka-Nav/nav_ka_github/corrections/issue_03_textbook_full_correction/corrected_fullstack/wls/25p0GHz/ls_vs_wls_residuals.png",
    "monte_carlo_position_error_png": "/Users/guozehao/Documents/ka-Nav/nav_ka_github/corrections/issue_03_textbook_full_correction/corrected_fullstack/wls/25p0GHz/monte_carlo_position_error.png",
    "dop_summary_png": "/Users/guozehao/Documents/ka-Nav/nav_ka_github/corrections/issue_03_textbook_full_correction/corrected_fullstack/wls/25p0GHz/dop_summary.png",
    "satellite_observations_csv": "/Users/guozehao/Documents/ka-Nav/nav_ka_github/corrections/issue_03_textbook_full_correction/corrected_fullstack/wls/25p0GHz/satellite_observations.csv",
    "summary_json": "/Users/guozehao/Documents/ka-Nav/nav_ka_github/corrections/issue_03_textbook_full_correction/corrected_fullstack/wls/25p0GHz/summary.json",
    "report_summary_md": "/Users/guozehao/Documents/ka-Nav/nav_ka_github/corrections/issue_03_textbook_full_correction/corrected_fullstack/wls/25p0GHz/report_summary.md"
  }
}