{
  "receiver_truth": {
    "latitude_deg": 34.0,
    "longitude_deg": 108.0,
    "height_m": 500.0,
    "receiver_clock_bias_m": 120.0,
    "carrier_frequency_hz": 26000000000.0
  },
  "legacy_coupling_level": "real WKB and single-channel receiver reused; multisat geometry and navigation solution added here",
  "real_reused_components": [
    "build_fields_from_csv",
    "compute_real_wkb_series",
    "build_signal_config_from_wkb_time",
    "resample_wkb_to_receiver_time",
    "KaBpskReceiver.run"
  ],
  "simplified_components": [
    "多星几何使用静态自洽 az/el 场景，不是真实星历。",
    "所有卫星共享同一真实单通道 WKB/接收机背景，再按仰角映射到多星伪距形成。",
    "对流层、卫星钟差、硬件偏差使用参数化项。",
    "多星伪距方差由旧脚本单通道伪距误差统计映射得到，不是真实多星同步跟踪输出。"
  ],
  "claim_boundary": "本结果代表真实单通道 Ka/WKB 背景耦合下的 hybrid 多星标准伪距/WLS 实验，不代表真实多星端到端 Ka 导航系统。",
  "legacy_channel_metrics": {
    "effective_pseudorange_sigma_100ms_m": 146.61444759694544,
    "effective_pseudorange_sigma_1s_m": 43.74170351791876,
    "effective_pseudorange_rmse_m": 42.91729713719891,
    "effective_pseudorange_bias_m": 4.713406011247963,
    "tau_g_median_m": 0.14328753486859538,
    "tau_g_span_m": 0.0348960256289349
  },
  "experiments": {
    "A": {
      "case_name": "A",
      "description": "几何较好、噪声中等；验证在真实单通道背景映射下 LS/WLS 都能工作。",
      "num_satellites": 8,
      "dops": {
        "GDOP": 4.324801489031356,
        "PDOP": 3.5558515649063316,
        "HDOP": 1.4279257363997166,
        "VDOP": 3.2565485476151177,
        "TDOP": 2.4616717018889873
      },
      "ls": {
        "converged": true,
        "iterations": 3,
        "position_ecef_m": [
          -1635835.6088629228,
          5034570.583529899,
          3546719.4763825955
        ],
        "clock_bias_m": 111.0498319886798,
        "clock_bias_s": 3.704223672921078e-07,
        "enu_error_m": {
          "east": 4.245705798854321,
          "north": 0.436882487700143,
          "up": -12.600377764232624
        },
        "position_error_3d_m": 13.303623710848568,
        "residual_rms_m": 4.536367062124762
      },
      "wls": {
        "converged": true,
        "iterations": 3,
        "position_ecef_m": [
          -1635835.397364601,
          5034571.904009526,
          3546720.6127455863
        ],
        "clock_bias_m": 112.28980462821418,
        "clock_bias_s": 3.745584708078753e-07,
        "enu_error_m": {
          "east": 3.6365082963881377,
          "north": 0.7132542072124816,
          "up": -10.977967240544384
        },
        "position_error_3d_m": 11.5865736474711,
        "weighted_residual_rms_m": 0.17700256895023378
      }
    },
    "B": {
      "case_name": "B",
      "description": "引入低仰角大误差；低仰角星更容易放大真实单通道背景映射出的测量不确定性。",
      "num_satellites": 8,
      "dops": {
        "GDOP": 2.334571724045933,
        "PDOP": 2.1040175018509704,
        "HDOP": 1.1512697647243388,
        "VDOP": 1.7610984006939427,
        "TDOP": 1.0116004579969313
      },
      "ls": {
        "converged": true,
        "iterations": 3,
        "position_ecef_m": [
          -1635807.8471684915,
          5034815.940954585,
          3546812.0907069063
        ],
        "clock_bias_m": 272.2406974748084,
        "clock_bias_s": 9.080972192929831e-07,
        "enu_error_m": {
          "east": -97.97684851739537,
          "north": -48.47211949185902,
          "up": 225.53162241231115
        },
        "position_error_3d_m": 250.6262594409512,
        "residual_rms_m": 113.74570925279431
      },
      "wls": {
        "converged": true,
        "iterations": 3,
        "position_ecef_m": [
          -1635865.8602869206,
          5034642.390020201,
          3546742.9880818133
        ],
        "clock_bias_m": 177.63425327862217,
        "clock_bias_s": 5.925240897108298e-07,
        "enu_error_m": {
          "east": 10.827093909409518,
          "north": -23.486903696927147,
          "up": 64.91386924003767
        },
        "position_error_3d_m": 69.87611199476264,
        "weighted_residual_rms_m": 1.0533224491953053
      }
    }
  },
  "monte_carlo": {
    "based_on_case": "B",
    "num_runs": 120,
    "stats": {
      "LS": {
        "mean_m": 141.2815493838077,
        "std_m": 103.53381857884924,
        "p90_m": 279.0271503048126
      },
      "WLS": {
        "mean_m": 96.23622769480298,
        "std_m": 56.32655132644503,
        "p90_m": 182.2262532525418
      }
    }
  },
  "output_files": {
    "results_dir": "/home/guo/src/nav_ka_github/results_ka_multifreq/wls/26p0GHz",
    "sky_geometry_png": "/home/guo/src/nav_ka_github/results_ka_multifreq/wls/26p0GHz/sky_geometry.png",
    "geometry_3d_png": "/home/guo/src/nav_ka_github/results_ka_multifreq/wls/26p0GHz/geometry_3d.png",
    "legacy_channel_overview_png": "/home/guo/src/nav_ka_github/results_ka_multifreq/wls/26p0GHz/legacy_channel_overview.png",
    "pseudorange_formation_png": "/home/guo/src/nav_ka_github/results_ka_multifreq/wls/26p0GHz/pseudorange_formation.png",
    "ls_vs_wls_residuals_png": "/home/guo/src/nav_ka_github/results_ka_multifreq/wls/26p0GHz/ls_vs_wls_residuals.png",
    "monte_carlo_position_error_png": "/home/guo/src/nav_ka_github/results_ka_multifreq/wls/26p0GHz/monte_carlo_position_error.png",
    "dop_summary_png": "/home/guo/src/nav_ka_github/results_ka_multifreq/wls/26p0GHz/dop_summary.png",
    "satellite_observations_csv": "/home/guo/src/nav_ka_github/results_ka_multifreq/wls/26p0GHz/satellite_observations.csv",
    "summary_json": "/home/guo/src/nav_ka_github/results_ka_multifreq/wls/26p0GHz/summary.json",
    "report_summary_md": "/home/guo/src/nav_ka_github/results_ka_multifreq/wls/26p0GHz/report_summary.md"
  }
}