{
  "receiver_truth": {
    "latitude_deg": 34.0,
    "longitude_deg": 108.0,
    "height_m": 500.0,
    "receiver_clock_bias_m": 120.0,
    "carrier_frequency_hz": 25500000000.0
  },
  "legacy_coupling_level": "real WKB and single-channel receiver reused; multisat geometry and navigation solution added here",
  "real_reused_components": [
    "build_fields_from_csv",
    "compute_real_wkb_series",
    "build_signal_config_from_wkb_time",
    "resample_wkb_to_receiver_time",
    "KaBpskReceiver.run"
  ],
  "simplified_components": [
    "多星几何使用静态自洽 az/el 场景，不是真实星历。",
    "所有卫星共享同一真实单通道 WKB/接收机背景，再按仰角映射到多星伪距形成。",
    "对流层、卫星钟差、硬件偏差使用参数化项。",
    "多星伪距方差由旧脚本单通道伪距误差统计映射得到，不是真实多星同步跟踪输出。"
  ],
  "claim_boundary": "本结果代表真实单通道 Ka/WKB 背景耦合下的 hybrid 多星标准伪距/WLS 实验，不代表真实多星端到端 Ka 导航系统。",
  "legacy_channel_metrics": {
    "effective_pseudorange_sigma_100ms_m": 150.01050073610483,
    "effective_pseudorange_sigma_1s_m": 9.957870645939385,
    "effective_pseudorange_rmse_m": 19.937071130606807,
    "effective_pseudorange_bias_m": -16.159689099963288,
    "tau_g_median_m": 0.1434391609116793,
    "tau_g_span_m": 0.03242647401875051
  },
  "experiments": {
    "A": {
      "case_name": "A",
      "description": "几何较好、噪声中等；验证在真实单通道背景映射下 LS/WLS 都能工作。",
      "num_satellites": 8,
      "dops": {
        "GDOP": 4.32480148903137,
        "PDOP": 3.555851564906343,
        "HDOP": 1.4279257363997195,
        "VDOP": 3.2565485476151297,
        "TDOP": 2.461671701888996
      },
      "ls": {
        "converged": true,
        "iterations": 4,
        "position_ecef_m": [
          -1635835.0416782773,
          5034579.449513592,
          3546724.6386436024
        ],
        "clock_bias_m": 117.96248068932967,
        "clock_bias_s": 3.9348048138465735e-07,
        "enu_error_m": {
          "east": 0.9665415129568852,
          "north": 0.09945699499660643,
          "up": -2.868495645378413
        },
        "position_error_3d_m": 3.0285906718600417,
        "residual_rms_m": 1.0327114143933431
      },
      "wls": {
        "converged": true,
        "iterations": 4,
        "position_ecef_m": [
          -1635834.9935303682,
          5034579.750122662,
          3546724.8973383047
        ],
        "clock_bias_m": 118.24476216441643,
        "clock_bias_s": 3.944220710329425e-07,
        "enu_error_m": {
          "east": 0.8278568189963957,
          "north": 0.16237345259952907,
          "up": -2.4991515536938893
        },
        "position_error_3d_m": 2.637701753269028,
        "weighted_residual_rms_m": 0.17700256895751734
      }
    },
    "B": {
      "case_name": "B",
      "description": "引入低仰角大误差；低仰角星更容易放大真实单通道背景映射出的测量不确定性。",
      "num_satellites": 8,
      "dops": {
        "GDOP": 2.3345717240459307,
        "PDOP": 2.1040175018509686,
        "HDOP": 1.1512697647243384,
        "VDOP": 1.7610984006939414,
        "TDOP": 1.0116004579969304
      },
      "ls": {
        "converged": true,
        "iterations": 4,
        "position_ecef_m": [
          -1635828.721600157,
          5034635.3058846705,
          3546745.7225853303
        ],
        "clock_bias_m": 154.65820122331013,
        "clock_bias_s": 5.158842295602717e-07,
        "enu_error_m": {
          "east": -22.3047778742944,
          "north": -11.034814687226966,
          "up": 51.342977903948366
        },
        "position_error_3d_m": 57.05586412673445,
        "residual_rms_m": 25.894387465059605
      },
      "wls": {
        "converged": true,
        "iterations": 4,
        "position_ecef_m": [
          -1635841.9284678071,
          5034595.79639065,
          3546729.9911252456
        ],
        "clock_bias_m": 133.1205502933567,
        "clock_bias_s": 4.4404235910883625e-07,
        "enu_error_m": {
          "east": 2.4648047557514916,
          "north": -5.346835045666641,
          "up": 14.7777625863968
        },
        "position_error_3d_m": 15.907425138892,
        "weighted_residual_rms_m": 1.0533224623690864
      }
    }
  },
  "monte_carlo": {
    "based_on_case": "B",
    "num_runs": 120,
    "stats": {
      "LS": {
        "mean_m": 33.32729417318944,
        "std_m": 20.07783962935432,
        "p90_m": 60.11766774662476
      },
      "WLS": {
        "mean_m": 22.805088202882853,
        "std_m": 11.959302046782238,
        "p90_m": 38.40106204986461
      }
    }
  },
  "output_files": {
    "results_dir": "/Users/guozehao/Documents/ka-Nav/nav_ka_github/corrections/issue_01_truth_dependency/corrected_fullstack/wls/25p5GHz",
    "sky_geometry_png": "/Users/guozehao/Documents/ka-Nav/nav_ka_github/corrections/issue_01_truth_dependency/corrected_fullstack/wls/25p5GHz/sky_geometry.png",
    "geometry_3d_png": "/Users/guozehao/Documents/ka-Nav/nav_ka_github/corrections/issue_01_truth_dependency/corrected_fullstack/wls/25p5GHz/geometry_3d.png",
    "legacy_channel_overview_png": "/Users/guozehao/Documents/ka-Nav/nav_ka_github/corrections/issue_01_truth_dependency/corrected_fullstack/wls/25p5GHz/legacy_channel_overview.png",
    "pseudorange_formation_png": "/Users/guozehao/Documents/ka-Nav/nav_ka_github/corrections/issue_01_truth_dependency/corrected_fullstack/wls/25p5GHz/pseudorange_formation.png",
    "ls_vs_wls_residuals_png": "/Users/guozehao/Documents/ka-Nav/nav_ka_github/corrections/issue_01_truth_dependency/corrected_fullstack/wls/25p5GHz/ls_vs_wls_residuals.png",
    "monte_carlo_position_error_png": "/Users/guozehao/Documents/ka-Nav/nav_ka_github/corrections/issue_01_truth_dependency/corrected_fullstack/wls/25p5GHz/monte_carlo_position_error.png",
    "dop_summary_png": "/Users/guozehao/Documents/ka-Nav/nav_ka_github/corrections/issue_01_truth_dependency/corrected_fullstack/wls/25p5GHz/dop_summary.png",
    "satellite_observations_csv": "/Users/guozehao/Documents/ka-Nav/nav_ka_github/corrections/issue_01_truth_dependency/corrected_fullstack/wls/25p5GHz/satellite_observations.csv",
    "summary_json": "/Users/guozehao/Documents/ka-Nav/nav_ka_github/corrections/issue_01_truth_dependency/corrected_fullstack/wls/25p5GHz/summary.json",
    "report_summary_md": "/Users/guozehao/Documents/ka-Nav/nav_ka_github/corrections/issue_01_truth_dependency/corrected_fullstack/wls/25p5GHz/report_summary.md"
  }
}