{
  "receiver_truth": {
    "latitude_deg": 34.0,
    "longitude_deg": 108.0,
    "height_m": 500.0,
    "receiver_clock_bias_m": 120.0,
    "carrier_frequency_hz": 27500000000.0
  },
  "legacy_coupling_level": "real WKB and single-channel receiver reused; multisat geometry and navigation solution added here",
  "real_reused_components": [
    "build_fields_from_csv",
    "compute_real_wkb_series",
    "build_signal_config_from_wkb_time",
    "resample_wkb_to_receiver_time",
    "KaBpskReceiver.run"
  ],
  "simplified_components": [
    "多星几何使用静态自洽 az/el 场景，不是真实星历。",
    "所有卫星共享同一真实单通道 WKB/接收机背景，再按仰角映射到多星伪距形成。",
    "对流层、卫星钟差、硬件偏差使用参数化项。",
    "多星伪距方差由旧脚本单通道伪距误差统计映射得到，不是真实多星同步跟踪输出。"
  ],
  "claim_boundary": "本结果代表真实单通道 Ka/WKB 背景耦合下的 hybrid 多星标准伪距/WLS 实验，不代表真实多星端到端 Ka 导航系统。",
  "legacy_channel_metrics": {
    "effective_pseudorange_sigma_100ms_m": 144.86996630088572,
    "effective_pseudorange_sigma_1s_m": 27.0778746515113,
    "effective_pseudorange_rmse_m": 27.095800081559222,
    "effective_pseudorange_bias_m": -4.92689967623775,
    "tau_g_median_m": 0.1429170514486534,
    "tau_g_span_m": 0.033956230785823605
  },
  "experiments": {
    "A": {
      "case_name": "A",
      "description": "几何较好、噪声中等；验证在真实单通道背景映射下 LS/WLS 都能工作。",
      "num_satellites": 8,
      "dops": {
        "GDOP": 4.324801489031356,
        "PDOP": 3.5558515649063316,
        "HDOP": 1.4279257363997166,
        "VDOP": 3.2565485476151177,
        "TDOP": 2.4616717018889873
      },
      "ls": {
        "converged": true,
        "iterations": 3,
        "position_ecef_m": [
          -1635835.3290998018,
          5034574.956664912,
          3546722.0226611807
        ],
        "clock_bias_m": 114.45948736404374,
        "clock_bias_s": 3.817957533943157e-07,
        "enu_error_m": {
          "east": 2.628262221810068,
          "north": 0.2704478085054043,
          "up": -7.800139472612077
        },
        "position_error_3d_m": 8.235476920975518,
        "residual_rms_m": 2.808193761058783
      },
      "wls": {
        "converged": true,
        "iterations": 3,
        "position_ecef_m": [
          -1635835.1981738682,
          5034575.774094558,
          3546722.7261153418
        ],
        "clock_bias_m": 115.22707988984328,
        "clock_bias_s": 3.8435616645780754e-07,
        "enu_error_m": {
          "east": 2.251144607215381,
          "north": 0.4415330056303516,
          "up": -6.795802505793526
        },
        "position_error_3d_m": 7.172554296441779,
        "weighted_residual_rms_m": 0.17700256907137696
      }
    },
    "B": {
      "case_name": "B",
      "description": "引入低仰角大误差；低仰角星更容易放大真实单通道背景映射出的测量不确定性。",
      "num_satellites": 8,
      "dops": {
        "GDOP": 2.334571724045933,
        "PDOP": 2.1040175018509704,
        "HDOP": 1.1512697647243388,
        "VDOP": 1.7610984006939427,
        "TDOP": 1.0116004579969313
      },
      "ls": {
        "converged": true,
        "iterations": 3,
        "position_ecef_m": [
          -1635818.143382772,
          5034726.843253966,
          3546779.35484077
        ],
        "clock_bias_m": 214.24359596424287,
        "clock_bias_s": 7.146397123981114e-07,
        "enu_error_m": {
          "east": -60.65186318185461,
          "north": -30.006269044208388,
          "up": 139.6135972219551
        },
        "position_error_3d_m": 155.1482556093949,
        "residual_rms_m": 70.41315768447599
      },
      "wls": {
        "converged": true,
        "iterations": 3,
        "position_ecef_m": [
          -1635854.055952834,
          5034619.40778747,
          3546736.5773554198
        ],
        "clock_bias_m": 155.67794596305006,
        "clock_bias_s": 5.192857318747161e-07,
        "enu_error_m": {
          "east": 6.70240553833308,
          "north": -14.539342315067714,
          "up": 40.18431549204312
        },
        "position_error_3d_m": 43.256143222888625,
        "weighted_residual_rms_m": 1.053322455683437
      }
    }
  },
  "monte_carlo": {
    "based_on_case": "B",
    "num_runs": 120,
    "stats": {
      "LS": {
        "mean_m": 79.07146926708457,
        "std_m": 54.94954501419684,
        "p90_m": 137.63867906009392
      },
      "WLS": {
        "mean_m": 62.2715249341657,
        "std_m": 39.15232043502574,
        "p90_m": 110.47900620386851
      }
    }
  },
  "output_files": {
    "results_dir": "/home/guo/src/nav_ka_github/results_ka_multifreq/wls/27p5GHz",
    "sky_geometry_png": "/home/guo/src/nav_ka_github/results_ka_multifreq/wls/27p5GHz/sky_geometry.png",
    "geometry_3d_png": "/home/guo/src/nav_ka_github/results_ka_multifreq/wls/27p5GHz/geometry_3d.png",
    "legacy_channel_overview_png": "/home/guo/src/nav_ka_github/results_ka_multifreq/wls/27p5GHz/legacy_channel_overview.png",
    "pseudorange_formation_png": "/home/guo/src/nav_ka_github/results_ka_multifreq/wls/27p5GHz/pseudorange_formation.png",
    "ls_vs_wls_residuals_png": "/home/guo/src/nav_ka_github/results_ka_multifreq/wls/27p5GHz/ls_vs_wls_residuals.png",
    "monte_carlo_position_error_png": "/home/guo/src/nav_ka_github/results_ka_multifreq/wls/27p5GHz/monte_carlo_position_error.png",
    "dop_summary_png": "/home/guo/src/nav_ka_github/results_ka_multifreq/wls/27p5GHz/dop_summary.png",
    "satellite_observations_csv": "/home/guo/src/nav_ka_github/results_ka_multifreq/wls/27p5GHz/satellite_observations.csv",
    "summary_json": "/home/guo/src/nav_ka_github/results_ka_multifreq/wls/27p5GHz/summary.json",
    "report_summary_md": "/home/guo/src/nav_ka_github/results_ka_multifreq/wls/27p5GHz/report_summary.md"
  }
}