{
  "receiver_truth": {
    "latitude_deg": 34.0,
    "longitude_deg": 108.0,
    "height_m": 500.0,
    "receiver_clock_bias_m": 120.0,
    "carrier_frequency_hz": 29500000000.0
  },
  "legacy_coupling_level": "real WKB and single-channel receiver reused; multisat geometry and navigation solution added here",
  "real_reused_components": [
    "build_fields_from_csv",
    "compute_real_wkb_series",
    "build_signal_config_from_wkb_time",
    "resample_wkb_to_receiver_time",
    "KaBpskReceiver.run"
  ],
  "simplified_components": [
    "多星几何使用静态自洽 az/el 场景，不是真实星历。",
    "所有卫星共享同一真实单通道 WKB/接收机背景，再按仰角映射到多星伪距形成。",
    "对流层、卫星钟差、硬件偏差使用参数化项。",
    "多星伪距方差由旧脚本单通道伪距误差统计映射得到，不是真实多星同步跟踪输出。"
  ],
  "claim_boundary": "本结果代表真实单通道 Ka/WKB 背景耦合下的 hybrid 多星标准伪距/WLS 实验，不代表真实多星端到端 Ka 导航系统。",
  "legacy_channel_metrics": {
    "effective_pseudorange_sigma_100ms_m": 149.17316951585175,
    "effective_pseudorange_sigma_1s_m": 45.49854028564544,
    "effective_pseudorange_rmse_m": 44.41785505324476,
    "effective_pseudorange_bias_m": -0.5996189627625821,
    "tau_g_median_m": 0.1425016987290388,
    "tau_g_span_m": 0.027127120556470263
  },
  "experiments": {
    "A": {
      "case_name": "A",
      "description": "几何较好、噪声中等；验证在真实单通道背景映射下 LS/WLS 都能工作。",
      "num_satellites": 8,
      "dops": {
        "GDOP": 4.324801489031356,
        "PDOP": 3.5558515649063316,
        "HDOP": 1.4279257363997166,
        "VDOP": 3.2565485476151177,
        "TDOP": 2.4616717018889873
      },
      "ls": {
        "converged": true,
        "iterations": 3,
        "position_ecef_m": [
          -1635835.638357843,
          5034570.1224782495,
          3546719.2079330827
        ],
        "clock_bias_m": 110.69035820198931,
        "clock_bias_s": 3.6922329180805916e-07,
        "enu_error_m": {
          "east": 4.416229929937588,
          "north": 0.45442938741986977,
          "up": -13.106458135011689
        },
        "position_error_3d_m": 13.837949187182376,
        "residual_rms_m": 4.718565188965292
      },
      "wls": {
        "converged": true,
        "iterations": 3,
        "position_ecef_m": [
          -1635835.4183649197,
          5034571.495993524,
          3546720.389936867
        ],
        "clock_bias_m": 111.98013302992025,
        "clock_bias_s": 3.735255175429405e-07,
        "enu_error_m": {
          "east": 3.782564664862028,
          "north": 0.7419012746274279,
          "up": -11.418885236547533
        },
        "position_error_3d_m": 12.051935653271629,
        "weighted_residual_rms_m": 0.17700256890783497
      }
    },
    "B": {
      "case_name": "B",
      "description": "引入低仰角大误差；低仰角星更容易放大真实单通道背景映射出的测量不确定性。",
      "num_satellites": 8,
      "dops": {
        "GDOP": 2.334571724045933,
        "PDOP": 2.1040175018509704,
        "HDOP": 1.1512697647243388,
        "VDOP": 1.7610984006939427,
        "TDOP": 1.0116004579969313
      },
      "ls": {
        "converged": true,
        "iterations": 3,
        "position_ecef_m": [
          -1635806.7616655687,
          5034825.334327161,
          3546815.541975542
        ],
        "clock_bias_m": 278.35519071707444,
        "clock_bias_s": 9.284929733524999e-07,
        "enu_error_m": {
          "east": -101.91193490624198,
          "north": -50.41893458625009,
          "up": 234.5897693671798
        },
        "position_error_3d_m": 260.6922924309295,
        "residual_rms_m": 118.31418127452183
      },
      "wls": {
        "converged": true,
        "iterations": 3,
        "position_ecef_m": [
          -1635867.1047958133,
          5034644.812993429,
          3546743.6639523744
        ],
        "clock_bias_m": 179.94906457420834,
        "clock_bias_s": 6.002454690644964e-07,
        "enu_error_m": {
          "east": 11.261952297188566,
          "north": -24.430228327993955,
          "up": 67.521059199465
        },
        "position_error_3d_m": 72.68260494175843,
        "weighted_residual_rms_m": 1.0533224485146855
      }
    }
  },
  "monte_carlo": {
    "based_on_case": "B",
    "num_runs": 120,
    "stats": {
      "LS": {
        "mean_m": 144.1317097639285,
        "std_m": 92.83370840522716,
        "p90_m": 260.15480994729586
      },
      "WLS": {
        "mean_m": 108.98880797473036,
        "std_m": 60.16439450634,
        "p90_m": 205.91818193495513
      }
    }
  },
  "output_files": {
    "results_dir": "/home/guo/src/nav_ka_github/results_ka_multifreq/wls/29p5GHz",
    "sky_geometry_png": "/home/guo/src/nav_ka_github/results_ka_multifreq/wls/29p5GHz/sky_geometry.png",
    "geometry_3d_png": "/home/guo/src/nav_ka_github/results_ka_multifreq/wls/29p5GHz/geometry_3d.png",
    "legacy_channel_overview_png": "/home/guo/src/nav_ka_github/results_ka_multifreq/wls/29p5GHz/legacy_channel_overview.png",
    "pseudorange_formation_png": "/home/guo/src/nav_ka_github/results_ka_multifreq/wls/29p5GHz/pseudorange_formation.png",
    "ls_vs_wls_residuals_png": "/home/guo/src/nav_ka_github/results_ka_multifreq/wls/29p5GHz/ls_vs_wls_residuals.png",
    "monte_carlo_position_error_png": "/home/guo/src/nav_ka_github/results_ka_multifreq/wls/29p5GHz/monte_carlo_position_error.png",
    "dop_summary_png": "/home/guo/src/nav_ka_github/results_ka_multifreq/wls/29p5GHz/dop_summary.png",
    "satellite_observations_csv": "/home/guo/src/nav_ka_github/results_ka_multifreq/wls/29p5GHz/satellite_observations.csv",
    "summary_json": "/home/guo/src/nav_ka_github/results_ka_multifreq/wls/29p5GHz/summary.json",
    "report_summary_md": "/home/guo/src/nav_ka_github/results_ka_multifreq/wls/29p5GHz/report_summary.md"
  }
}