{
  "receiver_truth": {
    "latitude_deg": 34.0,
    "longitude_deg": 108.0,
    "height_m": 500.0,
    "receiver_clock_bias_m": 120.0,
    "carrier_frequency_hz": 19000000000.0
  },
  "legacy_coupling_level": "real WKB and single-channel receiver reused; multisat geometry and navigation solution added here",
  "real_reused_components": [
    "build_fields_from_csv",
    "compute_real_wkb_series",
    "build_signal_config_from_wkb_time",
    "resample_wkb_to_receiver_time",
    "KaBpskReceiver.run"
  ],
  "simplified_components": [
    "多星几何使用静态自洽 az/el 场景，不是真实星历。",
    "所有卫星共享同一真实单通道 WKB/接收机背景，再按仰角映射到多星伪距形成。",
    "对流层、卫星钟差、硬件偏差使用参数化项。",
    "多星伪距方差由旧脚本单通道伪距误差统计映射得到，不是真实多星同步跟踪输出。"
  ],
  "claim_boundary": "本结果代表真实单通道 Ka/WKB 背景耦合下的 hybrid 多星标准伪距/WLS 实验，不代表真实多星端到端 Ka 导航系统。",
  "legacy_channel_metrics": {
    "effective_pseudorange_sigma_100ms_m": 3440.3225500122394,
    "effective_pseudorange_sigma_1s_m": 2771.32315442188,
    "effective_pseudorange_rmse_m": 3037.832399926246,
    "effective_pseudorange_bias_m": -1831.7109126865498,
    "tau_g_median_m": 0.14679063030010583,
    "tau_g_span_m": 0.04647270334889292
  },
  "experiments": {
    "A": {
      "case_name": "A",
      "description": "几何较好、噪声中等；验证在真实单通道背景映射下 LS/WLS 都能工作。",
      "num_satellites": 8,
      "dops": {
        "GDOP": 4.32480148903137,
        "PDOP": 3.555851564906343,
        "HDOP": 1.4279257363997195,
        "VDOP": 3.2565485476151297,
        "TDOP": 2.461671701888996
      },
      "ls": {
        "converged": true,
        "iterations": 4,
        "position_ecef_m": [
          -1635881.4033729767,
          5033854.755567707,
          3546302.681910922
        ],
        "clock_bias_m": -447.0771156059998,
        "clock_bias_s": -1.4912887355091493e-06,
        "enu_error_m": {
          "east": 269.0018783623067,
          "north": 27.679838377751253,
          "up": -798.3397942819977
        },
        "position_error_3d_m": 842.8965601717033,
        "residual_rms_m": 287.4084655788351
      },
      "wls": {
        "converged": true,
        "iterations": 4,
        "position_ecef_m": [
          -1635868.0028799484,
          5033938.422858315,
          3546374.682224142
        ],
        "clock_bias_m": -368.50947425267935,
        "clock_bias_s": -1.2292152935104169e-06,
        "enu_error_m": {
          "east": 230.40263747512057,
          "north": 45.190132208766784,
          "up": -695.5423135362561
        },
        "position_error_3d_m": 734.1026040846778,
        "weighted_residual_rms_m": 0.17700255727960248
      }
    },
    "B": {
      "case_name": "B",
      "description": "引入低仰角大误差；低仰角星更容易放大真实单通道背景映射出的测量不确定性。",
      "num_satellites": 8,
      "dops": {
        "GDOP": 2.3345717240459307,
        "PDOP": 2.1040175018509686,
        "HDOP": 1.1512697647243384,
        "VDOP": 1.7610984006939414,
        "TDOP": 1.0116004579969304
      },
      "ls": {
        "converged": true,
        "iterations": 5,
        "position_ecef_m": [
          -1634124.377486931,
          5049391.886550416,
          3552167.2909720815
        ],
        "clock_bias_m": 9757.442074031216,
        "clock_bias_s": 3.254732336872603e-05,
        "enu_error_m": {
          "east": -6203.266557347431,
          "north": -3069.744632467995,
          "up": 14281.412243528568
        },
        "position_error_3d_m": 15870.179071443357,
        "residual_rms_m": 7206.760956936259
      },
      "wls": {
        "converged": true,
        "iterations": 5,
        "position_ecef_m": [
          -1637797.9577642304,
          5038403.905942038,
          3547792.1962351254
        ],
        "clock_bias_m": 3771.1055716745723,
        "clock_bias_s": 1.2579054179123386e-05,
        "enu_error_m": {
          "east": 685.9886453629647,
          "north": -1487.9852297857292,
          "up": 4112.41210560147
        },
        "position_error_3d_m": 4426.806274496877,
        "weighted_residual_rms_m": 1.0533213862535766
      }
    }
  },
  "monte_carlo": {
    "based_on_case": "B",
    "num_runs": 120,
    "stats": {
      "LS": {
        "mean_m": 9250.33547242553,
        "std_m": 6025.63201619826,
        "p90_m": 17244.754323345624
      },
      "WLS": {
        "mean_m": 6648.120415607995,
        "std_m": 3605.26122814974,
        "p90_m": 11541.906621852064
      }
    }
  },
  "output_files": {
    "results_dir": "/Users/guozehao/Documents/ka-Nav/nav_ka_github/corrections/issue_01_truth_dependency/corrected_fullstack/wls/19p0GHz",
    "sky_geometry_png": "/Users/guozehao/Documents/ka-Nav/nav_ka_github/corrections/issue_01_truth_dependency/corrected_fullstack/wls/19p0GHz/sky_geometry.png",
    "geometry_3d_png": "/Users/guozehao/Documents/ka-Nav/nav_ka_github/corrections/issue_01_truth_dependency/corrected_fullstack/wls/19p0GHz/geometry_3d.png",
    "legacy_channel_overview_png": "/Users/guozehao/Documents/ka-Nav/nav_ka_github/corrections/issue_01_truth_dependency/corrected_fullstack/wls/19p0GHz/legacy_channel_overview.png",
    "pseudorange_formation_png": "/Users/guozehao/Documents/ka-Nav/nav_ka_github/corrections/issue_01_truth_dependency/corrected_fullstack/wls/19p0GHz/pseudorange_formation.png",
    "ls_vs_wls_residuals_png": "/Users/guozehao/Documents/ka-Nav/nav_ka_github/corrections/issue_01_truth_dependency/corrected_fullstack/wls/19p0GHz/ls_vs_wls_residuals.png",
    "monte_carlo_position_error_png": "/Users/guozehao/Documents/ka-Nav/nav_ka_github/corrections/issue_01_truth_dependency/corrected_fullstack/wls/19p0GHz/monte_carlo_position_error.png",
    "dop_summary_png": "/Users/guozehao/Documents/ka-Nav/nav_ka_github/corrections/issue_01_truth_dependency/corrected_fullstack/wls/19p0GHz/dop_summary.png",
    "satellite_observations_csv": "/Users/guozehao/Documents/ka-Nav/nav_ka_github/corrections/issue_01_truth_dependency/corrected_fullstack/wls/19p0GHz/satellite_observations.csv",
    "summary_json": "/Users/guozehao/Documents/ka-Nav/nav_ka_github/corrections/issue_01_truth_dependency/corrected_fullstack/wls/19p0GHz/summary.json",
    "report_summary_md": "/Users/guozehao/Documents/ka-Nav/nav_ka_github/corrections/issue_01_truth_dependency/corrected_fullstack/wls/19p0GHz/report_summary.md"
  }
}