{
  "receiver_truth": {
    "latitude_deg": 34.0,
    "longitude_deg": 108.0,
    "height_m": 500.0,
    "receiver_clock_bias_m": 120.0,
    "carrier_frequency_hz": 23000000000.0
  },
  "legacy_coupling_level": "real WKB and single-channel receiver reused; multisat geometry and navigation solution added here",
  "real_reused_components": [
    "build_fields_from_csv",
    "compute_real_wkb_series",
    "build_signal_config_from_wkb_time",
    "resample_wkb_to_receiver_time",
    "KaBpskReceiver.run"
  ],
  "simplified_components": [
    "多星几何使用静态自洽 az/el 场景，不是真实星历。",
    "所有卫星共享同一真实单通道 WKB/接收机背景，再按仰角映射到多星伪距形成。",
    "对流层、卫星钟差、硬件偏差使用参数化项。",
    "多星伪距方差由旧脚本单通道伪距误差统计映射得到，不是真实多星同步跟踪输出。"
  ],
  "claim_boundary": "本结果代表真实单通道 Ka/WKB 背景耦合下的 hybrid 多星标准伪距/WLS 实验，不代表真实多星端到端 Ka 导航系统。",
  "legacy_channel_metrics": {
    "effective_pseudorange_sigma_100ms_m": 164.75570693749896,
    "effective_pseudorange_sigma_1s_m": 66.10931768387111,
    "effective_pseudorange_rmse_m": 68.78709914675676,
    "effective_pseudorange_bias_m": -22.380825617683957,
    "tau_g_median_m": 0.14438201067253936,
    "tau_g_span_m": 0.03784514143232984
  },
  "experiments": {
    "A": {
      "case_name": "A",
      "description": "几何较好、噪声中等；验证在真实单通道背景映射下 LS/WLS 都能工作。",
      "num_satellites": 8,
      "dops": {
        "GDOP": 4.324801489031356,
        "PDOP": 3.5558515649063316,
        "HDOP": 1.4279257363997166,
        "VDOP": 3.2565485476151177,
        "TDOP": 2.4616717018889873
      },
      "ls": {
        "converged": true,
        "iterations": 3,
        "position_ecef_m": [
          -1635835.9843851274,
          5034564.713532163,
          3546716.0585485594
        ],
        "clock_bias_m": 106.47309842787355,
        "clock_bias_s": 3.5515602740037426e-07,
        "enu_error_m": {
          "east": 6.416777696010834,
          "north": 0.6602853738094977,
          "up": -19.043670231091696
        },
        "position_error_3d_m": 20.106526021306042,
        "residual_rms_m": 6.856068844449269
      },
      "wls": {
        "converged": true,
        "iterations": 3,
        "position_ecef_m": [
          -1635835.6647355799,
          5034566.70924915,
          3546717.7759992457
        ],
        "clock_bias_m": 108.3471408392388,
        "clock_bias_s": 3.614071600134744e-07,
        "enu_error_m": {
          "east": 5.496062445861648,
          "north": 1.077981698634936,
          "up": -16.59162777748415
        },
        "position_error_3d_m": 17.511449376279113,
        "weighted_residual_rms_m": 0.17700256886430096
      }
    },
    "B": {
      "case_name": "B",
      "description": "引入低仰角大误差；低仰角星更容易放大真实单通道背景映射出的测量不确定性。",
      "num_satellites": 8,
      "dops": {
        "GDOP": 2.334571724045933,
        "PDOP": 2.1040175018509704,
        "HDOP": 1.1512697647243388,
        "VDOP": 1.7610984006939427,
        "TDOP": 1.0116004579969313
      },
      "ls": {
        "converged": true,
        "iterations": 3,
        "position_ecef_m": [
          -1635794.0269254912,
          5034935.534585388,
          3546856.031220628
        ],
        "clock_bias_m": 350.0884350629294,
        "clock_bias_s": 1.1677693208110306e-06,
        "enu_error_m": {
          "east": -148.0771450169612,
          "north": -73.2584127960799,
          "up": 340.85726720316893
        },
        "position_error_3d_m": 378.78399190962057,
        "residual_rms_m": 171.91038658981176
      },
      "wls": {
        "converged": true,
        "iterations": 3,
        "position_ecef_m": [
          -1635881.705064215,
          5034673.238703012,
          3546751.593092564
        ],
        "clock_bias_m": 207.10583759581567,
        "clock_bias_s": 6.908307132790367e-07,
        "enu_error_m": {
          "east": 16.363605361984035,
          "north": -35.49707731143947,
          "up": 98.10795273937245
        },
        "position_error_3d_m": 105.60767239556036,
        "weighted_residual_rms_m": 1.0533224404784325
      }
    }
  },
  "monte_carlo": {
    "based_on_case": "B",
    "num_runs": 120,
    "stats": {
      "LS": {
        "mean_m": 206.23468229709906,
        "std_m": 139.85639631307035,
        "p90_m": 375.07780200427504
      },
      "WLS": {
        "mean_m": 147.98292531831527,
        "std_m": 91.37051836356373,
        "p90_m": 260.6374288086912
      }
    }
  },
  "output_files": {
    "results_dir": "/home/guo/src/nav_ka_github/results_ka_multifreq/wls/23p0GHz",
    "sky_geometry_png": "/home/guo/src/nav_ka_github/results_ka_multifreq/wls/23p0GHz/sky_geometry.png",
    "geometry_3d_png": "/home/guo/src/nav_ka_github/results_ka_multifreq/wls/23p0GHz/geometry_3d.png",
    "legacy_channel_overview_png": "/home/guo/src/nav_ka_github/results_ka_multifreq/wls/23p0GHz/legacy_channel_overview.png",
    "pseudorange_formation_png": "/home/guo/src/nav_ka_github/results_ka_multifreq/wls/23p0GHz/pseudorange_formation.png",
    "ls_vs_wls_residuals_png": "/home/guo/src/nav_ka_github/results_ka_multifreq/wls/23p0GHz/ls_vs_wls_residuals.png",
    "monte_carlo_position_error_png": "/home/guo/src/nav_ka_github/results_ka_multifreq/wls/23p0GHz/monte_carlo_position_error.png",
    "dop_summary_png": "/home/guo/src/nav_ka_github/results_ka_multifreq/wls/23p0GHz/dop_summary.png",
    "satellite_observations_csv": "/home/guo/src/nav_ka_github/results_ka_multifreq/wls/23p0GHz/satellite_observations.csv",
    "summary_json": "/home/guo/src/nav_ka_github/results_ka_multifreq/wls/23p0GHz/summary.json",
    "report_summary_md": "/home/guo/src/nav_ka_github/results_ka_multifreq/wls/23p0GHz/report_summary.md"
  }
}