{
  "receiver_truth": {
    "latitude_deg": 34.0,
    "longitude_deg": 108.0,
    "height_m": 500.0,
    "receiver_clock_bias_m": 120.0,
    "carrier_frequency_hz": 20000000000.0
  },
  "legacy_coupling_level": "real WKB and single-channel receiver reused; multisat geometry and navigation solution added here",
  "real_reused_components": [
    "build_fields_from_csv",
    "compute_real_wkb_series",
    "build_signal_config_from_wkb_time",
    "resample_wkb_to_receiver_time",
    "KaBpskReceiver.run"
  ],
  "simplified_components": [
    "多星几何使用静态自洽 az/el 场景，不是真实星历。",
    "所有卫星共享同一真实单通道 WKB/接收机背景，再按仰角映射到多星伪距形成。",
    "对流层、卫星钟差、硬件偏差使用参数化项。",
    "多星伪距方差由旧脚本单通道伪距误差统计映射得到，不是真实多星同步跟踪输出。"
  ],
  "claim_boundary": "本结果代表真实单通道 Ka/WKB 背景耦合下的 hybrid 多星标准伪距/WLS 实验，不代表真实多星端到端 Ka 导航系统。",
  "legacy_channel_metrics": {
    "effective_pseudorange_sigma_100ms_m": 164.28379751571973,
    "effective_pseudorange_sigma_1s_m": 64.01173016142062,
    "effective_pseudorange_rmse_m": 64.13397099860296,
    "effective_pseudorange_bias_m": 15.522123588670594,
    "tau_g_median_m": 0.14609024046289232,
    "tau_g_span_m": 0.043233460862591666
  },
  "experiments": {
    "A": {
      "case_name": "A",
      "description": "几何较好、噪声中等；验证在真实单通道背景映射下 LS/WLS 都能工作。",
      "num_satellites": 8,
      "dops": {
        "GDOP": 4.324801489031356,
        "PDOP": 3.5558515649063316,
        "HDOP": 1.4279257363997166,
        "VDOP": 3.2565485476151177,
        "TDOP": 2.4616717018889873
      },
      "ls": {
        "converged": true,
        "iterations": 3,
        "position_ecef_m": [
          -1635835.9491694386,
          5034565.264008253,
          3546716.379065878
        ],
        "clock_bias_m": 106.90229496010022,
        "clock_bias_s": 3.56587672929718e-07,
        "enu_error_m": {
          "east": 6.213179118812904,
          "north": 0.6393351224282695,
          "up": -18.43943176125192
        },
        "position_error_3d_m": 19.468564092893168,
        "residual_rms_m": 6.638532120216751
      },
      "wls": {
        "converged": true,
        "iterations": 3,
        "position_ecef_m": [
          -1635835.6396620886,
          5034567.196402871,
          3546718.042023362
        ],
        "clock_bias_m": 108.71687560648363,
        "clock_bias_s": 3.626404624444676e-07,
        "enu_error_m": {
          "east": 5.321677359928345,
          "north": 1.04377832122309,
          "up": -16.06519047904514
        },
        "position_error_3d_m": 16.955826969954366,
        "weighted_residual_rms_m": 0.1770025688306295
      }
    },
    "B": {
      "case_name": "B",
      "description": "引入低仰角大误差；低仰角星更容易放大真实单通道背景映射出的测量不确定性。",
      "num_satellites": 8,
      "dops": {
        "GDOP": 2.334571724045933,
        "PDOP": 2.1040175018509704,
        "HDOP": 1.1512697647243388,
        "VDOP": 1.7610984006939427,
        "TDOP": 1.0116004579969313
      },
      "ls": {
        "converged": true,
        "iterations": 3,
        "position_ecef_m": [
          -1635795.3229481585,
          5034924.319392178,
          3546851.9105898393
        ],
        "clock_bias_m": 342.78808401439346,
        "clock_bias_s": 1.1434179708896928e-06,
        "enu_error_m": {
          "east": -143.37886891680245,
          "north": -70.93401387493286,
          "up": 330.04231445552466
        },
        "position_error_3d_m": 366.7656795658915,
        "residual_rms_m": 166.45582496366703
      },
      "wls": {
        "converged": true,
        "iterations": 3,
        "position_ecef_m": [
          -1635880.219174918,
          5034670.345780406,
          3546750.7861335343
        ],
        "clock_bias_m": 204.34205704571193,
        "clock_bias_s": 6.816117336938207e-07,
        "enu_error_m": {
          "east": 15.844402912075505,
          "north": -34.370789002231184,
          "up": 94.99508355807214
        },
        "position_error_3d_m": 102.25684397868531,
        "weighted_residual_rms_m": 1.0533224412895026
      }
    }
  },
  "monte_carlo": {
    "based_on_case": "B",
    "num_runs": 120,
    "stats": {
      "LS": {
        "mean_m": 199.42914819852083,
        "std_m": 136.32541646626257,
        "p90_m": 370.6928352844907
      },
      "WLS": {
        "mean_m": 144.53098221282636,
        "std_m": 91.31813074553334,
        "p90_m": 276.5823440239243
      }
    }
  },
  "output_files": {
    "results_dir": "/home/guo/src/nav_ka_github/results_ka_multifreq/wls/20p0GHz",
    "sky_geometry_png": "/home/guo/src/nav_ka_github/results_ka_multifreq/wls/20p0GHz/sky_geometry.png",
    "geometry_3d_png": "/home/guo/src/nav_ka_github/results_ka_multifreq/wls/20p0GHz/geometry_3d.png",
    "legacy_channel_overview_png": "/home/guo/src/nav_ka_github/results_ka_multifreq/wls/20p0GHz/legacy_channel_overview.png",
    "pseudorange_formation_png": "/home/guo/src/nav_ka_github/results_ka_multifreq/wls/20p0GHz/pseudorange_formation.png",
    "ls_vs_wls_residuals_png": "/home/guo/src/nav_ka_github/results_ka_multifreq/wls/20p0GHz/ls_vs_wls_residuals.png",
    "monte_carlo_position_error_png": "/home/guo/src/nav_ka_github/results_ka_multifreq/wls/20p0GHz/monte_carlo_position_error.png",
    "dop_summary_png": "/home/guo/src/nav_ka_github/results_ka_multifreq/wls/20p0GHz/dop_summary.png",
    "satellite_observations_csv": "/home/guo/src/nav_ka_github/results_ka_multifreq/wls/20p0GHz/satellite_observations.csv",
    "summary_json": "/home/guo/src/nav_ka_github/results_ka_multifreq/wls/20p0GHz/summary.json",
    "report_summary_md": "/home/guo/src/nav_ka_github/results_ka_multifreq/wls/20p0GHz/report_summary.md"
  }
}