{
  "label": "19p0GHz",
  "frequency_hz": 19000000000.0,
  "metrics": {
    "tau_rmse_ns": 1141.4146034529545,
    "fd_rmse_hz": 111.94739165037308,
    "peak_to_second_ratio": 1.044148457456276,
    "peak_to_second_db": 0.18762251224052628,
    "loss_found": false,
    "loss_fraction": 0.08115756801168524,
    "pll_integrator_clamped": 0,
    "pll_freq_clamped": 0,
    "tau_g_median_m": 0.1467906303001058,
    "tau_g_span_m": 0.046472703348859036,
    "pseudorange_mean_m": 116765.47734186918,
    "doppler_mean_hz": 28282.145718375283,
    "carrier_phase_mean_cycles": 381819.40483094286,
    "post_corr_snr_median_db": 16.314272622688918,
    "carrier_lock_metric_median": 0.8573171982711241
  },
  "wkb": {
    "amplitude_median": 0.8715066214703807,
    "attenuation_db_median": -1.1945861778718492,
    "phase_rad_median": -53.3582576571016,
    "group_delay_ns_median": 0.48964083779621237
  },
  "samples": {
    "pseudorange": 21908,
    "carrier_phase": 21908,
    "doppler": 21908
  },
  "spectrum_png": "/home/guo/src/nav_ka_github/tmp_ka_multi_smoke/new_single3/receiver_spectra/19p0GHz_receiver_spectrum.png"
}