{
  "receiver_truth": {
    "latitude_deg": 34.0,
    "longitude_deg": 108.0,
    "height_m": 500.0,
    "receiver_clock_bias_m": 120.0,
    "carrier_frequency_hz": 27500000000.0
  },
  "legacy_coupling_level": "real WKB and single-channel receiver reused; multisat geometry and navigation solution added here",
  "real_reused_components": [
    "build_fields_from_csv",
    "compute_real_wkb_series",
    "build_signal_config_from_wkb_time",
    "resample_wkb_to_receiver_time",
    "KaBpskReceiver.run"
  ],
  "simplified_components": [
    "多星几何使用静态自洽 az/el 场景，不是真实星历。",
    "所有卫星共享同一真实单通道 WKB/接收机背景，再按仰角映射到多星伪距形成。",
    "对流层、卫星钟差、硬件偏差使用参数化项。",
    "多星伪距方差由旧脚本单通道伪距误差统计映射得到，不是真实多星同步跟踪输出。"
  ],
  "claim_boundary": "本结果代表真实单通道 Ka/WKB 背景耦合下的 hybrid 多星标准伪距/WLS 实验，不代表真实多星端到端 Ka 导航系统。",
  "legacy_channel_metrics": {
    "effective_pseudorange_sigma_100ms_m": 150.09670115942276,
    "effective_pseudorange_sigma_1s_m": 4.231218116582304,
    "effective_pseudorange_rmse_m": 15.333528989043593,
    "effective_pseudorange_bias_m": -13.690937193410933,
    "tau_g_median_m": 0.1429170514486534,
    "tau_g_span_m": 0.033956230785823605
  },
  "experiments": {
    "A": {
      "case_name": "A",
      "description": "几何较好、噪声中等；验证在真实单通道背景映射下 LS/WLS 都能工作。",
      "num_satellites": 8,
      "dops": {
        "GDOP": 4.32480148903137,
        "PDOP": 3.555851564906343,
        "HDOP": 1.4279257363997195,
        "VDOP": 3.2565485476151297,
        "TDOP": 2.461671701888996
      },
      "ls": {
        "converged": true,
        "iterations": 4,
        "position_ecef_m": [
          -1635834.945535627,
          5034580.952374034,
          3546725.5136912027
        ],
        "clock_bias_m": 119.13423379325982,
        "clock_bias_s": 3.973890290237382e-07,
        "enu_error_m": {
          "east": 0.4106950021572631,
          "north": 0.042260460230442165,
          "up": -1.2188579783442357
        },
        "position_error_3d_m": 1.2868842615671545,
        "residual_rms_m": 0.4388114086226072
      },
      "wls": {
        "converged": true,
        "iterations": 4,
        "position_ecef_m": [
          -1635834.9250770085,
          5034581.080106401,
          3546725.6236136635
        ],
        "clock_bias_m": 119.25417854726378,
        "clock_bias_s": 3.9778912165716914e-07,
        "enu_error_m": {
          "east": 0.35176622758885684,
          "north": 0.06899441630348374,
          "up": -1.061919279455645
        },
        "position_error_3d_m": 1.120790910220434,
        "weighted_residual_rms_m": 0.17700256881267099
      }
    },
    "B": {
      "case_name": "B",
      "description": "引入低仰角大误差；低仰角星更容易放大真实单通道背景映射出的测量不确定性。",
      "num_satellites": 8,
      "dops": {
        "GDOP": 2.3345717240459307,
        "PDOP": 2.1040175018509686,
        "HDOP": 1.1512697647243384,
        "VDOP": 1.7610984006939414,
        "TDOP": 1.0116004579969304
      },
      "ls": {
        "converged": true,
        "iterations": 4,
        "position_ecef_m": [
          -1635832.2600530193,
          5034604.686438175,
          3546734.472519744
        ],
        "clock_bias_m": 134.72670912834897,
        "clock_bias_s": 4.493999282942234e-07,
        "enu_error_m": {
          "east": -9.477579896525587,
          "north": -4.688828608405881,
          "up": 21.816268287574125
        },
        "position_error_3d_m": 24.243745511150784,
        "residual_rms_m": 11.002833641959318
      },
      "wls": {
        "converged": true,
        "iterations": 4,
        "position_ecef_m": [
          -1635837.8718149422,
          5034587.89835809,
          3546727.788024899
        ],
        "clock_bias_m": 125.5750797424578,
        "clock_bias_s": 4.188733785372873e-07,
        "enu_error_m": {
          "east": 1.0473248974051057,
          "north": -2.27193424617664,
          "up": 6.279248725339151
        },
        "position_error_3d_m": 6.759255818087387,
        "weighted_residual_rms_m": 1.0533224646290773
      }
    }
  },
  "monte_carlo": {
    "based_on_case": "B",
    "num_runs": 120,
    "stats": {
      "LS": {
        "mean_m": 12.355788929329009,
        "std_m": 8.586456342388626,
        "p90_m": 21.507651804786615
      },
      "WLS": {
        "mean_m": 9.730613721477878,
        "std_m": 6.117980306100316,
        "p90_m": 17.263594151159886
      }
    }
  },
  "output_files": {
    "results_dir": "/Users/guozehao/Documents/ka-Nav/nav_ka_github/corrections/issue_01_truth_dependency/corrected_fullstack/wls/27p5GHz",
    "sky_geometry_png": "/Users/guozehao/Documents/ka-Nav/nav_ka_github/corrections/issue_01_truth_dependency/corrected_fullstack/wls/27p5GHz/sky_geometry.png",
    "geometry_3d_png": "/Users/guozehao/Documents/ka-Nav/nav_ka_github/corrections/issue_01_truth_dependency/corrected_fullstack/wls/27p5GHz/geometry_3d.png",
    "legacy_channel_overview_png": "/Users/guozehao/Documents/ka-Nav/nav_ka_github/corrections/issue_01_truth_dependency/corrected_fullstack/wls/27p5GHz/legacy_channel_overview.png",
    "pseudorange_formation_png": "/Users/guozehao/Documents/ka-Nav/nav_ka_github/corrections/issue_01_truth_dependency/corrected_fullstack/wls/27p5GHz/pseudorange_formation.png",
    "ls_vs_wls_residuals_png": "/Users/guozehao/Documents/ka-Nav/nav_ka_github/corrections/issue_01_truth_dependency/corrected_fullstack/wls/27p5GHz/ls_vs_wls_residuals.png",
    "monte_carlo_position_error_png": "/Users/guozehao/Documents/ka-Nav/nav_ka_github/corrections/issue_01_truth_dependency/corrected_fullstack/wls/27p5GHz/monte_carlo_position_error.png",
    "dop_summary_png": "/Users/guozehao/Documents/ka-Nav/nav_ka_github/corrections/issue_01_truth_dependency/corrected_fullstack/wls/27p5GHz/dop_summary.png",
    "satellite_observations_csv": "/Users/guozehao/Documents/ka-Nav/nav_ka_github/corrections/issue_01_truth_dependency/corrected_fullstack/wls/27p5GHz/satellite_observations.csv",
    "summary_json": "/Users/guozehao/Documents/ka-Nav/nav_ka_github/corrections/issue_01_truth_dependency/corrected_fullstack/wls/27p5GHz/summary.json",
    "report_summary_md": "/Users/guozehao/Documents/ka-Nav/nav_ka_github/corrections/issue_01_truth_dependency/corrected_fullstack/wls/27p5GHz/report_summary.md"
  }
}