{
  "receiver_truth": {
    "latitude_deg": 34.0,
    "longitude_deg": 108.0,
    "height_m": 500.0,
    "receiver_clock_bias_m": 120.0,
    "carrier_frequency_hz": 24000000000.0
  },
  "legacy_coupling_level": "real WKB and single-channel receiver reused; multisat geometry and navigation solution added here",
  "real_reused_components": [
    "build_fields_from_csv",
    "compute_real_wkb_series",
    "build_signal_config_from_wkb_time",
    "resample_wkb_to_receiver_time",
    "KaBpskReceiver.run"
  ],
  "simplified_components": [
    "多星几何使用静态自洽 az/el 场景，不是真实星历。",
    "所有卫星共享同一真实单通道 WKB/接收机背景，再按仰角映射到多星伪距形成。",
    "对流层、卫星钟差、硬件偏差使用参数化项。",
    "多星伪距方差由旧脚本单通道伪距误差统计映射得到，不是真实多星同步跟踪输出。"
  ],
  "claim_boundary": "本结果代表真实单通道 Ka/WKB 背景耦合下的 hybrid 多星标准伪距/WLS 实验，不代表真实多星端到端 Ka 导航系统。",
  "legacy_channel_metrics": {
    "effective_pseudorange_sigma_100ms_m": 2255.0973346836618,
    "effective_pseudorange_sigma_1s_m": 2062.9236002922576,
    "effective_pseudorange_rmse_m": 2207.5161085108243,
    "effective_pseudorange_bias_m": -1120.0345795037922,
    "tau_g_median_m": 0.14396505238554297,
    "tau_g_span_m": 0.035149334454639136
  },
  "experiments": {
    "A": {
      "case_name": "A",
      "description": "几何较好、噪声中等；验证在真实单通道背景映射下 LS/WLS 都能工作。",
      "num_satellites": 8,
      "dops": {
        "GDOP": 4.32480148903137,
        "PDOP": 3.555851564906343,
        "HDOP": 1.4279257363997195,
        "VDOP": 3.2565485476151297,
        "TDOP": 2.461671701888996
      },
      "ls": {
        "converged": true,
        "iterations": 4,
        "position_ecef_m": [
          -1635869.5093521017,
          5034040.67237793,
          3546410.9329666044
        ],
        "clock_bias_m": -302.117194041024,
        "clock_bias_s": -1.007754484740987e-06,
        "enu_error_m": {
          "east": 200.23853840534358,
          "north": 20.60428707467213,
          "up": -594.265399111661
        },
        "position_error_3d_m": 627.4323656697234,
        "residual_rms_m": 213.94175725912936
      },
      "wls": {
        "converged": true,
        "iterations": 4,
        "position_ecef_m": [
          -1635859.5343972063,
          5034102.951607655,
          3546464.5278897057
        ],
        "clock_bias_m": -243.634244748933,
        "clock_bias_s": -8.126763640896297e-07,
        "enu_error_m": {
          "east": 171.50645217074458,
          "north": 33.6385728535717,
          "up": -517.7461689968668
        },
        "position_error_3d_m": 546.4495514050251,
        "weighted_residual_rms_m": 0.17700256029919925
      }
    },
    "B": {
      "case_name": "B",
      "description": "引入低仰角大误差；低仰角星更容易放大真实单通道背景映射出的测量不确定性。",
      "num_satellites": 8,
      "dops": {
        "GDOP": 2.3345717240459307,
        "PDOP": 2.1040175018509686,
        "HDOP": 1.1512697647243384,
        "VDOP": 1.7610984006939414,
        "TDOP": 1.0116004579969304
      },
      "ls": {
        "converged": true,
        "iterations": 5,
        "position_ecef_m": [
          -1634561.2513020819,
          5045607.756196811,
          3550777.045340082
        ],
        "clock_bias_m": 7295.486486534337,
        "clock_bias_s": 2.4335123489111714e-05,
        "enu_error_m": {
          "east": -4618.414280455274,
          "north": -2285.3107917113653,
          "up": 10632.276593728624
        },
        "position_error_3d_m": 11815.147119108386,
        "residual_rms_m": 5364.5408307048565
      },
      "wls": {
        "converged": true,
        "iterations": 5,
        "position_ecef_m": [
          -1637296.172085848,
          5037427.029275673,
          3547519.7213275614
        ],
        "clock_bias_m": 2837.895575816896,
        "clock_bias_s": 9.466200700142016e-06,
        "enu_error_m": {
          "east": 510.6335974686083,
          "north": -1107.6420355008681,
          "up": 3061.2655290918483
        },
        "position_error_3d_m": 3295.2942492709553,
        "weighted_residual_rms_m": 1.053321662331285
      }
    }
  },
  "monte_carlo": {
    "based_on_case": "B",
    "num_runs": 120,
    "stats": {
      "LS": {
        "mean_m": 7250.457850877324,
        "std_m": 4097.340202278229,
        "p90_m": 12405.497784381083
      },
      "WLS": {
        "mean_m": 4779.694198384403,
        "std_m": 2646.92948369017,
        "p90_m": 8541.722397375604
      }
    }
  },
  "output_files": {
    "results_dir": "/Users/guozehao/Documents/ka-Nav/nav_ka_github/corrections/issue_01_truth_dependency/corrected_fullstack/wls/24p0GHz",
    "sky_geometry_png": "/Users/guozehao/Documents/ka-Nav/nav_ka_github/corrections/issue_01_truth_dependency/corrected_fullstack/wls/24p0GHz/sky_geometry.png",
    "geometry_3d_png": "/Users/guozehao/Documents/ka-Nav/nav_ka_github/corrections/issue_01_truth_dependency/corrected_fullstack/wls/24p0GHz/geometry_3d.png",
    "legacy_channel_overview_png": "/Users/guozehao/Documents/ka-Nav/nav_ka_github/corrections/issue_01_truth_dependency/corrected_fullstack/wls/24p0GHz/legacy_channel_overview.png",
    "pseudorange_formation_png": "/Users/guozehao/Documents/ka-Nav/nav_ka_github/corrections/issue_01_truth_dependency/corrected_fullstack/wls/24p0GHz/pseudorange_formation.png",
    "ls_vs_wls_residuals_png": "/Users/guozehao/Documents/ka-Nav/nav_ka_github/corrections/issue_01_truth_dependency/corrected_fullstack/wls/24p0GHz/ls_vs_wls_residuals.png",
    "monte_carlo_position_error_png": "/Users/guozehao/Documents/ka-Nav/nav_ka_github/corrections/issue_01_truth_dependency/corrected_fullstack/wls/24p0GHz/monte_carlo_position_error.png",
    "dop_summary_png": "/Users/guozehao/Documents/ka-Nav/nav_ka_github/corrections/issue_01_truth_dependency/corrected_fullstack/wls/24p0GHz/dop_summary.png",
    "satellite_observations_csv": "/Users/guozehao/Documents/ka-Nav/nav_ka_github/corrections/issue_01_truth_dependency/corrected_fullstack/wls/24p0GHz/satellite_observations.csv",
    "summary_json": "/Users/guozehao/Documents/ka-Nav/nav_ka_github/corrections/issue_01_truth_dependency/corrected_fullstack/wls/24p0GHz/summary.json",
    "report_summary_md": "/Users/guozehao/Documents/ka-Nav/nav_ka_github/corrections/issue_01_truth_dependency/corrected_fullstack/wls/24p0GHz/report_summary.md"
  }
}