{
  "receiver_truth": {
    "latitude_deg": 34.0,
    "longitude_deg": 108.0,
    "height_m": 500.0,
    "receiver_clock_bias_m": 120.0,
    "carrier_frequency_hz": 21500000000.0
  },
  "legacy_coupling_level": "real WKB and single-channel receiver reused; multisat geometry and navigation solution added here",
  "real_reused_components": [
    "build_fields_from_csv",
    "compute_real_wkb_series",
    "build_signal_config_from_wkb_time",
    "resample_wkb_to_receiver_time",
    "KaBpskReceiver.run"
  ],
  "simplified_components": [
    "多星几何使用静态自洽 az/el 场景，不是真实星历。",
    "所有卫星共享同一真实单通道 WKB/接收机背景，再按仰角映射到多星伪距形成。",
    "对流层、卫星钟差、硬件偏差使用参数化项。",
    "多星伪距方差由旧脚本单通道伪距误差统计映射得到，不是真实多星同步跟踪输出。"
  ],
  "claim_boundary": "本结果代表真实单通道 Ka/WKB 背景耦合下的 hybrid 多星标准伪距/WLS 实验，不代表真实多星端到端 Ka 导航系统。",
  "legacy_channel_metrics": {
    "effective_pseudorange_sigma_100ms_m": 2400.6684256902577,
    "effective_pseudorange_sigma_1s_m": 2221.389586188883,
    "effective_pseudorange_rmse_m": 2398.9824240755534,
    "effective_pseudorange_bias_m": -1245.0079027098222,
    "tau_g_median_m": 0.1451532814607685,
    "tau_g_span_m": 0.03577558870652239
  },
  "experiments": {
    "A": {
      "case_name": "A",
      "description": "几何较好、噪声中等；验证在真实单通道背景映射下 LS/WLS 都能工作。",
      "num_satellites": 8,
      "dops": {
        "GDOP": 4.32480148903137,
        "PDOP": 3.555851564906343,
        "HDOP": 1.4279257363997195,
        "VDOP": 3.2565485476151297,
        "TDOP": 2.461671701888996
      },
      "ls": {
        "converged": true,
        "iterations": 4,
        "position_ecef_m": [
          -1635872.169969724,
          5033999.083819809,
          3546386.717809413
        ],
        "clock_bias_m": -334.5438228589219,
        "clock_bias_s": -1.1159180757606714e-06,
        "enu_error_m": {
          "east": 215.62050736324704,
          "north": 22.187052528510435,
          "up": -639.9157088037234
        },
        "position_error_3d_m": 675.6305076513779,
        "residual_rms_m": 230.37595021054784
      },
      "wls": {
        "converged": true,
        "iterations": 4,
        "position_ecef_m": [
          -1635861.4287443855,
          5034066.147396101,
          3546444.429891111
        ],
        "clock_bias_m": -271.5680965677842,
        "clock_bias_s": -9.058536641631732e-07,
        "enu_error_m": {
          "east": 184.68121023445582,
          "north": 36.22259850292693,
          "up": -557.5182276345712
        },
        "position_error_3d_m": 588.4265461387351,
        "weighted_residual_rms_m": 0.17700255962462896
      }
    },
    "B": {
      "case_name": "B",
      "description": "引入低仰角大误差；低仰角星更容易放大真实单通道背景映射出的测量不确定性。",
      "num_satellites": 8,
      "dops": {
        "GDOP": 2.3345717240459307,
        "PDOP": 2.1040175018509686,
        "HDOP": 1.1512697647243384,
        "VDOP": 1.7610984006939414,
        "TDOP": 1.0116004579969304
      },
      "ls": {
        "converged": true,
        "iterations": 5,
        "position_ecef_m": [
          -1634463.5030371333,
          5046454.341012149,
          3551088.0734288227
        ],
        "clock_bias_m": 7846.30769675037,
        "clock_bias_s": 2.6172465275128337e-05,
        "enu_error_m": {
          "east": -4972.987499910487,
          "north": -2460.800078210785,
          "up": 11448.659094286086
        },
        "position_error_3d_m": 12722.340066055756,
        "residual_rms_m": 5776.635081765791
      },
      "wls": {
        "converged": true,
        "iterations": 5,
        "position_ecef_m": [
          -1637408.4202179674,
          5037645.555706124,
          3547580.674176747
        ],
        "clock_bias_m": 3046.655334684145,
        "clock_bias_s": 1.01625483009454e-05,
        "enu_error_m": {
          "east": 549.8595342334805,
          "north": -1192.7239352875038,
          "up": 3296.4061040829297
        },
        "position_error_3d_m": 3548.4121936762594,
        "weighted_residual_rms_m": 1.0533216005752104
      }
    }
  },
  "monte_carlo": {
    "based_on_case": "B",
    "num_runs": 120,
    "stats": {
      "LS": {
        "mean_m": 6891.981908217592,
        "std_m": 4513.919661451816,
        "p90_m": 12580.078492443956
      },
      "WLS": {
        "mean_m": 4944.760680541567,
        "std_m": 2646.546957820917,
        "p90_m": 8418.84342992647
      }
    }
  },
  "output_files": {
    "results_dir": "/Users/guozehao/Documents/ka-Nav/nav_ka_github/corrections/issue_01_truth_dependency/corrected_fullstack/wls/21p5GHz",
    "sky_geometry_png": "/Users/guozehao/Documents/ka-Nav/nav_ka_github/corrections/issue_01_truth_dependency/corrected_fullstack/wls/21p5GHz/sky_geometry.png",
    "geometry_3d_png": "/Users/guozehao/Documents/ka-Nav/nav_ka_github/corrections/issue_01_truth_dependency/corrected_fullstack/wls/21p5GHz/geometry_3d.png",
    "legacy_channel_overview_png": "/Users/guozehao/Documents/ka-Nav/nav_ka_github/corrections/issue_01_truth_dependency/corrected_fullstack/wls/21p5GHz/legacy_channel_overview.png",
    "pseudorange_formation_png": "/Users/guozehao/Documents/ka-Nav/nav_ka_github/corrections/issue_01_truth_dependency/corrected_fullstack/wls/21p5GHz/pseudorange_formation.png",
    "ls_vs_wls_residuals_png": "/Users/guozehao/Documents/ka-Nav/nav_ka_github/corrections/issue_01_truth_dependency/corrected_fullstack/wls/21p5GHz/ls_vs_wls_residuals.png",
    "monte_carlo_position_error_png": "/Users/guozehao/Documents/ka-Nav/nav_ka_github/corrections/issue_01_truth_dependency/corrected_fullstack/wls/21p5GHz/monte_carlo_position_error.png",
    "dop_summary_png": "/Users/guozehao/Documents/ka-Nav/nav_ka_github/corrections/issue_01_truth_dependency/corrected_fullstack/wls/21p5GHz/dop_summary.png",
    "satellite_observations_csv": "/Users/guozehao/Documents/ka-Nav/nav_ka_github/corrections/issue_01_truth_dependency/corrected_fullstack/wls/21p5GHz/satellite_observations.csv",
    "summary_json": "/Users/guozehao/Documents/ka-Nav/nav_ka_github/corrections/issue_01_truth_dependency/corrected_fullstack/wls/21p5GHz/summary.json",
    "report_summary_md": "/Users/guozehao/Documents/ka-Nav/nav_ka_github/corrections/issue_01_truth_dependency/corrected_fullstack/wls/21p5GHz/report_summary.md"
  }
}