{
  "receiver_truth": {
    "latitude_deg": 34.0,
    "longitude_deg": 108.0,
    "height_m": 500.0,
    "receiver_clock_bias_m": 120.0,
    "carrier_frequency_hz": 22000000000.0
  },
  "legacy_coupling_level": "real WKB and single-channel receiver reused; multisat geometry and navigation solution added here",
  "real_reused_components": [
    "build_fields_from_csv",
    "compute_real_wkb_series",
    "build_signal_config_from_wkb_time",
    "resample_wkb_to_receiver_time",
    "KaBpskReceiver.run"
  ],
  "simplified_components": [
    "多星几何使用静态自洽 az/el 场景，不是真实星历。",
    "所有卫星共享同一真实单通道 WKB/接收机背景，再按仰角映射到多星伪距形成。",
    "对流层、卫星钟差、硬件偏差使用参数化项。",
    "多星伪距方差由旧脚本单通道伪距误差统计映射得到，不是真实多星同步跟踪输出。"
  ],
  "claim_boundary": "本结果代表真实单通道 Ka/WKB 背景耦合下的 hybrid 多星标准伪距/WLS 实验，不代表真实多星端到端 Ka 导航系统。",
  "legacy_channel_metrics": {
    "effective_pseudorange_sigma_100ms_m": 2460.8371329435217,
    "effective_pseudorange_sigma_1s_m": 2158.542777195892,
    "effective_pseudorange_rmse_m": 2304.3443302367887,
    "effective_pseudorange_bias_m": -1199.0463920437646,
    "tau_g_median_m": 0.14488263248466357,
    "tau_g_span_m": 0.03591633012081161
  },
  "experiments": {
    "A": {
      "case_name": "A",
      "description": "几何较好、噪声中等；验证在真实单通道背景映射下 LS/WLS 都能工作。",
      "num_satellites": 8,
      "dops": {
        "GDOP": 4.32480148903137,
        "PDOP": 3.555851564906343,
        "HDOP": 1.4279257363997195,
        "VDOP": 3.2565485476151297,
        "TDOP": 2.461671701888996
      },
      "ls": {
        "converged": true,
        "iterations": 4,
        "position_ecef_m": [
          -1635871.114780531,
          5034015.577648743,
          3546396.3214284573
        ],
        "clock_bias_m": -321.68356557418093,
        "clock_bias_s": -1.0730208749086707e-06,
        "enu_error_m": {
          "east": 209.52008936250408,
          "north": 21.559335376348145,
          "up": -621.8110081084467
        },
        "position_error_3d_m": 656.515348330246,
        "residual_rms_m": 223.8582324147617
      },
      "wls": {
        "converged": true,
        "iterations": 4,
        "position_ecef_m": [
          -1635860.6774547233,
          5034080.74377239,
          3546452.4006624636
        ],
        "clock_bias_m": -260.4896577020024,
        "clock_bias_s": -8.688999697984476e-07,
        "enu_error_m": {
          "east": 179.45616297580696,
          "north": 35.19778635066976,
          "up": -541.7448172836042
        },
        "position_error_3d_m": 571.7786684090554,
        "weighted_residual_rms_m": 0.17700255989207087
      }
    },
    "B": {
      "case_name": "B",
      "description": "引入低仰角大误差；低仰角星更容易放大真实单通道背景映射出的测量不确定性。",
      "num_satellites": 8,
      "dops": {
        "GDOP": 2.3345717240459307,
        "PDOP": 2.1040175018509686,
        "HDOP": 1.1512697647243384,
        "VDOP": 1.7610984006939414,
        "TDOP": 1.0116004579969304
      },
      "ls": {
        "converged": true,
        "iterations": 5,
        "position_ecef_m": [
          -1634502.268026338,
          5046118.596019505,
          3550964.7237450243
        ],
        "clock_bias_m": 7627.86114468056,
        "clock_bias_s": 2.5443806010225112e-05,
        "enu_error_m": {
          "east": -4832.368895819791,
          "north": -2391.2029317156116,
          "up": 11124.891871809214
        },
        "position_error_3d_m": 12362.558787135395,
        "residual_rms_m": 5613.2004052596185
      },
      "wls": {
        "converged": true,
        "iterations": 5,
        "position_ecef_m": [
          -1637363.903231114,
          5037558.889452502,
          3547556.500678934
        ],
        "clock_bias_m": 2963.8625886627533,
        "clock_bias_s": 9.88638142678944e-06,
        "enu_error_m": {
          "east": 534.3027090085992,
          "north": -1158.9809345878566,
          "up": 3203.150783995862
        },
        "position_error_3d_m": 3448.0271368719496,
        "weighted_residual_rms_m": 1.0533216250673352
      }
    }
  },
  "monte_carlo": {
    "based_on_case": "B",
    "num_runs": 120,
    "stats": {
      "LS": {
        "mean_m": 7021.2592634652565,
        "std_m": 4366.6256129413605,
        "p90_m": 12352.742943137577
      },
      "WLS": {
        "mean_m": 5073.658467947756,
        "std_m": 2905.295355839955,
        "p90_m": 8601.654155927627
      }
    }
  },
  "output_files": {
    "results_dir": "/Users/guozehao/Documents/ka-Nav/nav_ka_github/corrections/issue_01_truth_dependency/corrected_fullstack/wls/22p0GHz",
    "sky_geometry_png": "/Users/guozehao/Documents/ka-Nav/nav_ka_github/corrections/issue_01_truth_dependency/corrected_fullstack/wls/22p0GHz/sky_geometry.png",
    "geometry_3d_png": "/Users/guozehao/Documents/ka-Nav/nav_ka_github/corrections/issue_01_truth_dependency/corrected_fullstack/wls/22p0GHz/geometry_3d.png",
    "legacy_channel_overview_png": "/Users/guozehao/Documents/ka-Nav/nav_ka_github/corrections/issue_01_truth_dependency/corrected_fullstack/wls/22p0GHz/legacy_channel_overview.png",
    "pseudorange_formation_png": "/Users/guozehao/Documents/ka-Nav/nav_ka_github/corrections/issue_01_truth_dependency/corrected_fullstack/wls/22p0GHz/pseudorange_formation.png",
    "ls_vs_wls_residuals_png": "/Users/guozehao/Documents/ka-Nav/nav_ka_github/corrections/issue_01_truth_dependency/corrected_fullstack/wls/22p0GHz/ls_vs_wls_residuals.png",
    "monte_carlo_position_error_png": "/Users/guozehao/Documents/ka-Nav/nav_ka_github/corrections/issue_01_truth_dependency/corrected_fullstack/wls/22p0GHz/monte_carlo_position_error.png",
    "dop_summary_png": "/Users/guozehao/Documents/ka-Nav/nav_ka_github/corrections/issue_01_truth_dependency/corrected_fullstack/wls/22p0GHz/dop_summary.png",
    "satellite_observations_csv": "/Users/guozehao/Documents/ka-Nav/nav_ka_github/corrections/issue_01_truth_dependency/corrected_fullstack/wls/22p0GHz/satellite_observations.csv",
    "summary_json": "/Users/guozehao/Documents/ka-Nav/nav_ka_github/corrections/issue_01_truth_dependency/corrected_fullstack/wls/22p0GHz/summary.json",
    "report_summary_md": "/Users/guozehao/Documents/ka-Nav/nav_ka_github/corrections/issue_01_truth_dependency/corrected_fullstack/wls/22p0GHz/report_summary.md"
  }
}