{
  "receiver_truth": {
    "latitude_deg": 34.0,
    "longitude_deg": 108.0,
    "height_m": 500.0,
    "receiver_clock_bias_m": 120.0,
    "carrier_frequency_hz": 26500000000.0
  },
  "legacy_coupling_level": "real WKB and single-channel receiver reused; multisat geometry and navigation solution added here",
  "real_reused_components": [
    "build_fields_from_csv",
    "compute_real_wkb_series",
    "build_signal_config_from_wkb_time",
    "resample_wkb_to_receiver_time",
    "KaBpskReceiver.run"
  ],
  "simplified_components": [
    "多星几何使用静态自洽 az/el 场景，不是真实星历。",
    "所有卫星共享同一真实单通道 WKB/接收机背景，再按仰角映射到多星伪距形成。",
    "对流层、卫星钟差、硬件偏差使用参数化项。",
    "多星伪距方差由旧脚本单通道伪距误差统计映射得到，不是真实多星同步跟踪输出。"
  ],
  "claim_boundary": "本结果代表真实单通道 Ka/WKB 背景耦合下的 hybrid 多星标准伪距/WLS 实验，不代表真实多星端到端 Ka 导航系统。",
  "legacy_channel_metrics": {
    "effective_pseudorange_sigma_100ms_m": 147.41351431152577,
    "effective_pseudorange_sigma_1s_m": 40.87522914482706,
    "effective_pseudorange_rmse_m": 40.51214445915414,
    "effective_pseudorange_bias_m": -5.934321428037762,
    "tau_g_median_m": 0.14315686510118117,
    "tau_g_span_m": 0.0345522483597486
  },
  "experiments": {
    "A": {
      "case_name": "A",
      "description": "几何较好、噪声中等；验证在真实单通道背景映射下 LS/WLS 都能工作。",
      "num_satellites": 8,
      "dops": {
        "GDOP": 4.324801489031356,
        "PDOP": 3.5558515649063316,
        "HDOP": 1.4279257363997166,
        "VDOP": 3.2565485476151177,
        "TDOP": 2.4616717018889873
      },
      "ls": {
        "converged": true,
        "iterations": 3,
        "position_ecef_m": [
          -1635835.560738689,
          5034571.335786861,
          3546719.9143877733
        ],
        "clock_bias_m": 111.63635336744895,
        "clock_bias_s": 3.7237879202234284e-07,
        "enu_error_m": {
          "east": 3.9674767472367796,
          "north": 0.40825276197489674,
          "up": -11.774651448283157
        },
        "position_error_3d_m": 12.431812369324167,
        "residual_rms_m": 4.239090577301483
      },
      "wls": {
        "converged": true,
        "iterations": 3,
        "position_ecef_m": [
          -1635835.3631002505,
          5034572.5697329305,
          3546720.976282741
        ],
        "clock_bias_m": 112.79506821019726,
        "clock_bias_s": 3.762438487034829e-07,
        "enu_error_m": {
          "east": 3.3982011168768853,
          "north": 0.6665133304882798,
          "up": -10.2585605830068
        },
        "position_error_3d_m": 10.827283873884655,
        "weighted_residual_rms_m": 0.17700256894289446
      }
    },
    "B": {
      "case_name": "B",
      "description": "引入低仰角大误差；低仰角星更容易放大真实单通道背景映射出的测量不确定性。",
      "num_satellites": 8,
      "dops": {
        "GDOP": 2.334571724045933,
        "PDOP": 2.1040175018509704,
        "HDOP": 1.1512697647243388,
        "VDOP": 1.7610984006939427,
        "TDOP": 1.0116004579969313
      },
      "ls": {
        "converged": true,
        "iterations": 3,
        "position_ecef_m": [
          -1635809.6182903768,
          5034800.614609765,
          3546806.45957319
        ],
        "clock_bias_m": 262.26420838078155,
        "clock_bias_s": 8.748192337139501e-07,
        "enu_error_m": {
          "east": -91.55631049618789,
          "north": -45.29567212979348,
          "up": 210.7522361304253
        },
        "position_error_3d_m": 234.20239311189513,
        "residual_rms_m": 106.29173998080952
      },
      "wls": {
        "converged": true,
        "iterations": 3,
        "position_ecef_m": [
          -1635863.8297322753,
          5034638.436669675,
          3546741.8853236916
        ],
        "clock_bias_m": 173.85738076318975,
        "clock_bias_s": 5.7992579907794e-07,
        "enu_error_m": {
          "east": 10.117574179712838,
          "north": -21.9477646399749,
          "up": 60.659948608154096
        },
        "position_error_3d_m": 65.29700640241956,
        "weighted_residual_rms_m": 1.053322450303012
      }
    }
  },
  "monte_carlo": {
    "based_on_case": "B",
    "num_runs": 120,
    "stats": {
      "LS": {
        "mean_m": 121.58939871031498,
        "std_m": 76.7540242763723,
        "p90_m": 231.42866243742475
      },
      "WLS": {
        "mean_m": 92.80339489358435,
        "std_m": 51.67690926569401,
        "p90_m": 168.38106141313864
      }
    }
  },
  "output_files": {
    "results_dir": "/home/guo/src/nav_ka_github/results_ka_multifreq/wls/26p5GHz",
    "sky_geometry_png": "/home/guo/src/nav_ka_github/results_ka_multifreq/wls/26p5GHz/sky_geometry.png",
    "geometry_3d_png": "/home/guo/src/nav_ka_github/results_ka_multifreq/wls/26p5GHz/geometry_3d.png",
    "legacy_channel_overview_png": "/home/guo/src/nav_ka_github/results_ka_multifreq/wls/26p5GHz/legacy_channel_overview.png",
    "pseudorange_formation_png": "/home/guo/src/nav_ka_github/results_ka_multifreq/wls/26p5GHz/pseudorange_formation.png",
    "ls_vs_wls_residuals_png": "/home/guo/src/nav_ka_github/results_ka_multifreq/wls/26p5GHz/ls_vs_wls_residuals.png",
    "monte_carlo_position_error_png": "/home/guo/src/nav_ka_github/results_ka_multifreq/wls/26p5GHz/monte_carlo_position_error.png",
    "dop_summary_png": "/home/guo/src/nav_ka_github/results_ka_multifreq/wls/26p5GHz/dop_summary.png",
    "satellite_observations_csv": "/home/guo/src/nav_ka_github/results_ka_multifreq/wls/26p5GHz/satellite_observations.csv",
    "summary_json": "/home/guo/src/nav_ka_github/results_ka_multifreq/wls/26p5GHz/summary.json",
    "report_summary_md": "/home/guo/src/nav_ka_github/results_ka_multifreq/wls/26p5GHz/report_summary.md"
  }
}