{
  "receiver_truth": {
    "latitude_deg": 34.0,
    "longitude_deg": 108.0,
    "height_m": 500.0,
    "receiver_clock_bias_m": 120.0,
    "carrier_frequency_hz": 26000000000.0
  },
  "legacy_coupling_level": "real WKB and single-channel receiver reused; multisat geometry and navigation solution added here",
  "real_reused_components": [
    "build_fields_from_csv",
    "compute_real_wkb_series",
    "build_textbook_signal_config",
    "build_navigation_data_model",
    "run_textbook_acquisition",
    "run_textbook_tracking",
    "form_standard_observables"
  ],
  "simplified_components": [
    "多星几何使用静态自洽 az/el 场景，不是真实星历。",
    "所有卫星共享同一真实单通道 WKB/接收机背景，再按仰角映射到多星伪距形成。",
    "对流层、卫星钟差、硬件偏差使用参数化项。",
    "多星伪距方差由旧脚本单通道伪距误差统计映射得到，不是真实多星同步跟踪输出。"
  ],
  "claim_boundary": "本结果代表真实单通道 Ka/WKB 背景耦合下的 hybrid 多星标准伪距/WLS 实验，不代表真实多星端到端 Ka 导航系统。",
  "legacy_channel_metrics": {
    "effective_pseudorange_sigma_100ms_m": 139.28051490439805,
    "effective_pseudorange_sigma_1s_m": 10.895131429346021,
    "effective_pseudorange_rmse_m": 27.307257763602784,
    "effective_pseudorange_bias_m": -24.314659351659923,
    "tau_g_median_m": 0.14328753486859538,
    "tau_g_span_m": 0.03489602562900268
  },
  "experiments": {
    "A": {
      "case_name": "A",
      "description": "几何较好、噪声中等；验证在真实单通道背景映射下 LS/WLS 都能工作。",
      "num_satellites": 8,
      "dops": {
        "GDOP": 4.32480148903137,
        "PDOP": 3.555851564906343,
        "HDOP": 1.4279257363997195,
        "VDOP": 3.2565485476151297,
        "TDOP": 2.461671701888996
      },
      "ls": {
        "converged": true,
        "iterations": 4,
        "position_ecef_m": [
          -1635835.0574136036,
          5034579.203545751,
          3546724.49542766
        ],
        "clock_bias_m": 117.77070400115508,
        "clock_bias_s": 3.928407832099468e-07,
        "enu_error_m": {
          "east": 1.057514940473108,
          "north": 0.10881814621056418,
          "up": -3.138485996361446
        },
        "position_error_3d_m": 3.313649587331986,
        "residual_rms_m": 1.1299129101867746
      },
      "wls": {
        "converged": true,
        "iterations": 4,
        "position_ecef_m": [
          -1635835.004733889,
          5034579.532448953,
          3546724.778471406
        ],
        "clock_bias_m": 118.07955457380672,
        "clock_bias_s": 3.938709978281265e-07,
        "enu_error_m": {
          "east": 0.9057768755743331,
          "north": 0.17765647228375525,
          "up": -2.734378244356486
        },
        "position_error_3d_m": 2.8859691532792873,
        "weighted_residual_rms_m": 0.17700256916393756
      }
    },
    "B": {
      "case_name": "B",
      "description": "引入低仰角大误差；低仰角星更容易放大真实单通道背景映射出的测量不确定性。",
      "num_satellites": 8,
      "dops": {
        "GDOP": 2.3345717240459307,
        "PDOP": 2.1040175018509686,
        "HDOP": 1.1512697647243384,
        "VDOP": 1.7610984006939414,
        "TDOP": 1.0116004579969304
      },
      "ls": {
        "converged": true,
        "iterations": 4,
        "position_ecef_m": [
          -1635828.1424757403,
          5034640.317253683,
          3546747.5638408316
        ],
        "clock_bias_m": 157.92031079105482,
        "clock_bias_s": 5.267654558242916e-07,
        "enu_error_m": {
          "east": -24.404156114416878,
          "north": -12.073438520602224,
          "up": 56.17550289885637
        },
        "position_error_3d_m": 62.42609934400044,
        "residual_rms_m": 28.3316351255484
      },
      "wls": {
        "converged": true,
        "iterations": 4,
        "position_ecef_m": [
          -1635842.5924056463,
          5034597.089033216,
          3546730.3516987218
        ],
        "clock_bias_m": 134.35549019917346,
        "clock_bias_s": 4.481616752319148e-07,
        "enu_error_m": {
          "east": 2.6967986434882043,
          "north": -5.8500930290418935,
          "up": 16.168683766296017
        },
        "position_error_3d_m": 17.404673111163238,
        "weighted_residual_rms_m": 1.0533224620190895
      }
    }
  },
  "monte_carlo": {
    "based_on_case": "B",
    "num_runs": 120,
    "stats": {
      "LS": {
        "mean_m": 35.190234383704166,
        "std_m": 25.788031845621756,
        "p90_m": 69.49949257332668
      },
      "WLS": {
        "mean_m": 23.970400033790657,
        "std_m": 14.029734957089282,
        "p90_m": 45.388654760124865
      }
    }
  },
  "output_files": {
    "results_dir": "/Users/guozehao/Documents/ka-Nav/nav_ka_github/corrections/issue_03_textbook_full_correction/corrected_fullstack/wls/26p0GHz",
    "sky_geometry_png": "/Users/guozehao/Documents/ka-Nav/nav_ka_github/corrections/issue_03_textbook_full_correction/corrected_fullstack/wls/26p0GHz/sky_geometry.png",
    "geometry_3d_png": "/Users/guozehao/Documents/ka-Nav/nav_ka_github/corrections/issue_03_textbook_full_correction/corrected_fullstack/wls/26p0GHz/geometry_3d.png",
    "legacy_channel_overview_png": "/Users/guozehao/Documents/ka-Nav/nav_ka_github/corrections/issue_03_textbook_full_correction/corrected_fullstack/wls/26p0GHz/legacy_channel_overview.png",
    "pseudorange_formation_png": "/Users/guozehao/Documents/ka-Nav/nav_ka_github/corrections/issue_03_textbook_full_correction/corrected_fullstack/wls/26p0GHz/pseudorange_formation.png",
    "ls_vs_wls_residuals_png": "/Users/guozehao/Documents/ka-Nav/nav_ka_github/corrections/issue_03_textbook_full_correction/corrected_fullstack/wls/26p0GHz/ls_vs_wls_residuals.png",
    "monte_carlo_position_error_png": "/Users/guozehao/Documents/ka-Nav/nav_ka_github/corrections/issue_03_textbook_full_correction/corrected_fullstack/wls/26p0GHz/monte_carlo_position_error.png",
    "dop_summary_png": "/Users/guozehao/Documents/ka-Nav/nav_ka_github/corrections/issue_03_textbook_full_correction/corrected_fullstack/wls/26p0GHz/dop_summary.png",
    "satellite_observations_csv": "/Users/guozehao/Documents/ka-Nav/nav_ka_github/corrections/issue_03_textbook_full_correction/corrected_fullstack/wls/26p0GHz/satellite_observations.csv",
    "summary_json": "/Users/guozehao/Documents/ka-Nav/nav_ka_github/corrections/issue_03_textbook_full_correction/corrected_fullstack/wls/26p0GHz/summary.json",
    "report_summary_md": "/Users/guozehao/Documents/ka-Nav/nav_ka_github/corrections/issue_03_textbook_full_correction/corrected_fullstack/wls/26p0GHz/report_summary.md"
  }
}