{
  "receiver_truth": {
    "latitude_deg": 34.0,
    "longitude_deg": 108.0,
    "height_m": 500.0,
    "receiver_clock_bias_m": 120.0,
    "carrier_frequency_hz": 24000000000.0
  },
  "legacy_coupling_level": "real WKB and single-channel receiver reused; multisat geometry and navigation solution added here",
  "real_reused_components": [
    "build_fields_from_csv",
    "compute_real_wkb_series",
    "build_textbook_signal_config",
    "build_navigation_data_model",
    "run_textbook_acquisition",
    "run_textbook_tracking",
    "form_standard_observables"
  ],
  "simplified_components": [
    "多星几何使用静态自洽 az/el 场景，不是真实星历。",
    "所有卫星共享同一真实单通道 WKB/接收机背景，再按仰角映射到多星伪距形成。",
    "对流层、卫星钟差、硬件偏差使用参数化项。",
    "多星伪距方差由旧脚本单通道伪距误差统计映射得到，不是真实多星同步跟踪输出。"
  ],
  "claim_boundary": "本结果代表真实单通道 Ka/WKB 背景耦合下的 hybrid 多星标准伪距/WLS 实验，不代表真实多星端到端 Ka 导航系统。",
  "legacy_channel_metrics": {
    "effective_pseudorange_sigma_100ms_m": 2089.7684697622035,
    "effective_pseudorange_sigma_1s_m": 1841.4764800959365,
    "effective_pseudorange_rmse_m": 1976.8356292687724,
    "effective_pseudorange_bias_m": -1048.6631438022016,
    "tau_g_median_m": 0.14396505238554297,
    "tau_g_span_m": 0.035149334454639136
  },
  "experiments": {
    "A": {
      "case_name": "A",
      "description": "几何较好、噪声中等；验证在真实单通道背景映射下 LS/WLS 都能工作。",
      "num_satellites": 8,
      "dops": {
        "GDOP": 4.32480148903137,
        "PDOP": 3.555851564906343,
        "HDOP": 1.4279257363997195,
        "VDOP": 3.2565485476151297,
        "TDOP": 2.461671701888996
      },
      "ls": {
        "converged": true,
        "iterations": 4,
        "position_ecef_m": [
          -1635865.791315411,
          5034098.789763027,
          3546444.7721176473
        ],
        "clock_bias_m": -256.8031241215433,
        "clock_bias_s": -8.566030174166133e-07,
        "enu_error_m": {
          "east": 178.743215719244,
          "north": 18.39246847149124,
          "up": -530.471971928874
        },
        "position_error_3d_m": 560.0785061616264,
        "residual_rms_m": 190.9759150326369
      },
      "wls": {
        "converged": true,
        "iterations": 4,
        "position_ecef_m": [
          -1635856.8871717947,
          5034154.383212731,
          3546492.6135955434
        ],
        "clock_bias_m": -204.59849203538016,
        "clock_bias_s": -6.824671087468791e-07,
        "enu_error_m": {
          "east": 153.09555117633812,
          "north": 30.02755433580623,
          "up": -462.16718065273824
        },
        "position_error_3d_m": 487.7893035746861,
        "weighted_residual_rms_m": 0.17700256124328512
      }
    },
    "B": {
      "case_name": "B",
      "description": "引入低仰角大误差；低仰角星更容易放大真实单通道背景映射出的测量不确定性。",
      "num_satellites": 8,
      "dops": {
        "GDOP": 2.3345717240459307,
        "PDOP": 2.1040175018509686,
        "HDOP": 1.1512697647243384,
        "VDOP": 1.7610984006939414,
        "TDOP": 1.0116004579969304
      },
      "ls": {
        "converged": true,
        "iterations": 5,
        "position_ecef_m": [
          -1634697.8695934748,
          5044424.614778907,
          3550342.366658902
        ],
        "clock_bias_m": 6525.656473677596,
        "clock_bias_s": 2.176724697216231e-05,
        "enu_error_m": {
          "east": -4122.871759299771,
          "north": -2040.0603400539535,
          "up": 9491.34559061583
        },
        "position_error_3d_m": 10547.30102230875,
        "residual_rms_m": 4788.665281101759
      },
      "wls": {
        "converged": true,
        "iterations": 5,
        "position_ecef_m": [
          -1637139.3109942873,
          5037121.6479939055,
          3547434.541902158
        ],
        "clock_bias_m": 2546.161326832962,
        "clock_bias_s": 8.493079992135633e-06,
        "enu_error_m": {
          "east": 455.8178400169563,
          "north": -988.7442541415932,
          "up": 2732.6666640074286
        },
        "position_error_3d_m": 2941.573082544988,
        "weighted_residual_rms_m": 1.0533217486318767
      }
    }
  },
  "monte_carlo": {
    "based_on_case": "B",
    "num_runs": 120,
    "stats": {
      "LS": {
        "mean_m": 6472.1168098276075,
        "std_m": 3657.459265767075,
        "p90_m": 11073.888925050807
      },
      "WLS": {
        "mean_m": 4266.614219599399,
        "std_m": 2362.8136145367885,
        "p90_m": 7624.6412126727755
      }
    }
  },
  "output_files": {
    "results_dir": "/Users/guozehao/Documents/ka-Nav/nav_ka_github/corrections/issue_03_textbook_full_correction/corrected_fullstack/wls/24p0GHz",
    "sky_geometry_png": "/Users/guozehao/Documents/ka-Nav/nav_ka_github/corrections/issue_03_textbook_full_correction/corrected_fullstack/wls/24p0GHz/sky_geometry.png",
    "geometry_3d_png": "/Users/guozehao/Documents/ka-Nav/nav_ka_github/corrections/issue_03_textbook_full_correction/corrected_fullstack/wls/24p0GHz/geometry_3d.png",
    "legacy_channel_overview_png": "/Users/guozehao/Documents/ka-Nav/nav_ka_github/corrections/issue_03_textbook_full_correction/corrected_fullstack/wls/24p0GHz/legacy_channel_overview.png",
    "pseudorange_formation_png": "/Users/guozehao/Documents/ka-Nav/nav_ka_github/corrections/issue_03_textbook_full_correction/corrected_fullstack/wls/24p0GHz/pseudorange_formation.png",
    "ls_vs_wls_residuals_png": "/Users/guozehao/Documents/ka-Nav/nav_ka_github/corrections/issue_03_textbook_full_correction/corrected_fullstack/wls/24p0GHz/ls_vs_wls_residuals.png",
    "monte_carlo_position_error_png": "/Users/guozehao/Documents/ka-Nav/nav_ka_github/corrections/issue_03_textbook_full_correction/corrected_fullstack/wls/24p0GHz/monte_carlo_position_error.png",
    "dop_summary_png": "/Users/guozehao/Documents/ka-Nav/nav_ka_github/corrections/issue_03_textbook_full_correction/corrected_fullstack/wls/24p0GHz/dop_summary.png",
    "satellite_observations_csv": "/Users/guozehao/Documents/ka-Nav/nav_ka_github/corrections/issue_03_textbook_full_correction/corrected_fullstack/wls/24p0GHz/satellite_observations.csv",
    "summary_json": "/Users/guozehao/Documents/ka-Nav/nav_ka_github/corrections/issue_03_textbook_full_correction/corrected_fullstack/wls/24p0GHz/summary.json",
    "report_summary_md": "/Users/guozehao/Documents/ka-Nav/nav_ka_github/corrections/issue_03_textbook_full_correction/corrected_fullstack/wls/24p0GHz/report_summary.md"
  }
}