{
  "receiver_truth": {
    "latitude_deg": 34.0,
    "longitude_deg": 108.0,
    "height_m": 500.0,
    "receiver_clock_bias_m": 120.0,
    "carrier_frequency_hz": 22500000000.0
  },
  "legacy_coupling_level": "real WKB and single-channel receiver reused; multisat geometry and navigation solution added here",
  "real_reused_components": [
    "build_fields_from_csv",
    "compute_real_wkb_series",
    "build_signal_config_from_wkb_time",
    "resample_wkb_to_receiver_time",
    "KaBpskReceiver.run"
  ],
  "simplified_components": [
    "多星几何使用静态自洽 az/el 场景，不是真实星历。",
    "所有卫星共享同一真实单通道 WKB/接收机背景，再按仰角映射到多星伪距形成。",
    "对流层、卫星钟差、硬件偏差使用参数化项。",
    "多星伪距方差由旧脚本单通道伪距误差统计映射得到，不是真实多星同步跟踪输出。"
  ],
  "claim_boundary": "本结果代表真实单通道 Ka/WKB 背景耦合下的 hybrid 多星标准伪距/WLS 实验，不代表真实多星端到端 Ka 导航系统。",
  "legacy_channel_metrics": {
    "effective_pseudorange_sigma_100ms_m": 165.353170911279,
    "effective_pseudorange_sigma_1s_m": 63.3941266596871,
    "effective_pseudorange_rmse_m": 67.50951170892598,
    "effective_pseudorange_bias_m": -25.391096310294596,
    "tau_g_median_m": 0.1446362565907477,
    "tau_g_span_m": 0.035813853040689625
  },
  "experiments": {
    "A": {
      "case_name": "A",
      "description": "几何较好、噪声中等；验证在真实单通道背景映射下 LS/WLS 都能工作。",
      "num_satellites": 8,
      "dops": {
        "GDOP": 4.324801489031356,
        "PDOP": 3.5558515649063316,
        "HDOP": 1.4279257363997166,
        "VDOP": 3.2565485476151177,
        "TDOP": 2.4616717018889873
      },
      "ls": {
        "converged": true,
        "iterations": 3,
        "position_ecef_m": [
          -1635835.9388007023,
          5034565.42608776,
          3546716.473437439
        ],
        "clock_bias_m": 107.02866550432988,
        "clock_bias_s": 3.570091996921746e-07,
        "enu_error_m": {
          "east": 6.153232542404747,
          "north": 0.6331666301531551,
          "up": -18.26152272090892
        },
        "position_error_3d_m": 19.280725681071267,
        "residual_rms_m": 6.574481660296249
      },
      "wls": {
        "converged": true,
        "iterations": 3,
        "position_ecef_m": [
          -1635835.6322795704,
          5034567.339838056,
          3546718.1203502184
        ],
        "clock_bias_m": 108.8257385244315,
        "clock_bias_s": 3.630035900517267e-07,
        "enu_error_m": {
          "east": 5.270332258230689,
          "north": 1.0337076463539596,
          "up": -15.910188826553966
        },
        "position_error_3d_m": 16.792232195478967,
        "weighted_residual_rms_m": 0.1770025688332883
      }
    },
    "B": {
      "case_name": "B",
      "description": "引入低仰角大误差；低仰角星更容易放大真实单通道背景映射出的测量不确定性。",
      "num_satellites": 8,
      "dops": {
        "GDOP": 2.334571724045933,
        "PDOP": 2.1040175018509704,
        "HDOP": 1.1512697647243388,
        "VDOP": 1.7610984006939427,
        "TDOP": 1.0116004579969313
      },
      "ls": {
        "converged": true,
        "iterations": 3,
        "position_ecef_m": [
          -1635795.704543205,
          5034921.0172433,
          3546850.697330588
        ],
        "clock_bias_m": 340.6386022621664,
        "clock_bias_s": 1.1362480715314272e-06,
        "enu_error_m": {
          "east": -141.99553033981437,
          "north": -70.24962883978985,
          "up": 326.8580105265967
        },
        "position_error_3d_m": 363.2270640164609,
        "residual_rms_m": 164.84981033200592
      },
      "wls": {
        "converged": true,
        "iterations": 3,
        "position_ecef_m": [
          -1635879.7816768605,
          5034669.494002237,
          3546750.548536399
        ],
        "clock_bias_m": 203.52830281160718,
        "clock_bias_s": 6.788973417456925e-07,
        "enu_error_m": {
          "east": 15.691531463338235,
          "north": -34.039170122344295,
          "up": 94.07854537710621
        },
        "position_error_3d_m": 101.27024223608365,
        "weighted_residual_rms_m": 1.0533224415373315
      }
    }
  },
  "monte_carlo": {
    "based_on_case": "B",
    "num_runs": 120,
    "stats": {
      "LS": {
        "mean_m": 195.4939205272476,
        "std_m": 120.70272774379653,
        "p90_m": 354.9288409969953
      },
      "WLS": {
        "mean_m": 139.969192829835,
        "std_m": 82.15921631408384,
        "p90_m": 254.5835187975071
      }
    }
  },
  "output_files": {
    "results_dir": "tmp_fullstack_3f/wls/22p5GHz",
    "sky_geometry_png": "tmp_fullstack_3f/wls/22p5GHz/sky_geometry.png",
    "geometry_3d_png": "tmp_fullstack_3f/wls/22p5GHz/geometry_3d.png",
    "legacy_channel_overview_png": "tmp_fullstack_3f/wls/22p5GHz/legacy_channel_overview.png",
    "pseudorange_formation_png": "tmp_fullstack_3f/wls/22p5GHz/pseudorange_formation.png",
    "ls_vs_wls_residuals_png": "tmp_fullstack_3f/wls/22p5GHz/ls_vs_wls_residuals.png",
    "monte_carlo_position_error_png": "tmp_fullstack_3f/wls/22p5GHz/monte_carlo_position_error.png",
    "dop_summary_png": "tmp_fullstack_3f/wls/22p5GHz/dop_summary.png",
    "satellite_observations_csv": "tmp_fullstack_3f/wls/22p5GHz/satellite_observations.csv",
    "summary_json": "tmp_fullstack_3f/wls/22p5GHz/summary.json",
    "report_summary_md": "tmp_fullstack_3f/wls/22p5GHz/report_summary.md"
  }
}