{
  "receiver_truth": {
    "latitude_deg": 34.0,
    "longitude_deg": 108.0,
    "height_m": 500.0,
    "receiver_clock_bias_m": 120.0,
    "carrier_frequency_hz": 20500000000.0
  },
  "legacy_coupling_level": "real WKB and single-channel receiver reused; multisat geometry and navigation solution added here",
  "real_reused_components": [
    "build_fields_from_csv",
    "compute_real_wkb_series",
    "build_textbook_signal_config",
    "build_navigation_data_model",
    "run_textbook_acquisition",
    "run_textbook_tracking",
    "form_standard_observables"
  ],
  "simplified_components": [
    "多星几何使用静态自洽 az/el 场景，不是真实星历。",
    "所有卫星共享同一真实单通道 WKB/接收机背景，再按仰角映射到多星伪距形成。",
    "对流层、卫星钟差、硬件偏差使用参数化项。",
    "多星伪距方差由旧脚本单通道伪距误差统计映射得到，不是真实多星同步跟踪输出。"
  ],
  "claim_boundary": "本结果代表真实单通道 Ka/WKB 背景耦合下的 hybrid 多星标准伪距/WLS 实验，不代表真实多星端到端 Ka 导航系统。",
  "legacy_channel_metrics": {
    "effective_pseudorange_sigma_100ms_m": 2608.6190980048427,
    "effective_pseudorange_sigma_1s_m": 2315.6760901159128,
    "effective_pseudorange_rmse_m": 2528.124370195162,
    "effective_pseudorange_bias_m": -1407.502554563183,
    "tau_g_median_m": 0.14575716011823278,
    "tau_g_span_m": 0.039625683450942445
  },
  "experiments": {
    "A": {
      "case_name": "A",
      "description": "几何较好、噪声中等；验证在真实单通道背景映射下 LS/WLS 都能工作。",
      "num_satellites": 8,
      "dops": {
        "GDOP": 4.32480148903137,
        "PDOP": 3.555851564906343,
        "HDOP": 1.4279257363997195,
        "VDOP": 3.2565485476151297,
        "TDOP": 2.461671701888996
      },
      "ls": {
        "converged": true,
        "iterations": 4,
        "position_ecef_m": [
          -1635873.753031204,
          5033974.338759171,
          3546372.3098666244
        ],
        "clock_bias_m": -353.8375920683804,
        "clock_bias_s": -1.1802751624538213e-06,
        "enu_error_m": {
          "east": 224.77273256360473,
          "north": 23.128791897986673,
          "up": -667.0774986176747
        },
        "position_error_3d_m": 704.3082503284935,
        "residual_rms_m": 240.15421620960075
      },
      "wls": {
        "converged": true,
        "iterations": 4,
        "position_ecef_m": [
          -1635862.55587644,
          5034044.249018567,
          3546432.4716515196
        ],
        "clock_bias_m": -288.18866203321653,
        "clock_bias_s": -9.61293902974759e-07,
        "enu_error_m": {
          "east": 192.52014732678072,
          "north": 37.76008396860544,
          "up": -581.1824635849686
        },
        "position_error_3d_m": 613.4027119655852,
        "weighted_residual_rms_m": 0.17700255922210079
      }
    },
    "B": {
      "case_name": "B",
      "description": "引入低仰角大误差；低仰角星更容易放大真实单通道背景映射出的测量不确定性。",
      "num_satellites": 8,
      "dops": {
        "GDOP": 2.3345717240459307,
        "PDOP": 2.1040175018509686,
        "HDOP": 1.1512697647243384,
        "VDOP": 1.7610984006939414,
        "TDOP": 1.0116004579969304
      },
      "ls": {
        "converged": true,
        "iterations": 5,
        "position_ecef_m": [
          -1634405.3491502232,
          5046958.030082332,
          3551273.1238040603
        ],
        "clock_bias_m": 8174.018479956254,
        "clock_bias_s": 2.726559078399582e-05,
        "enu_error_m": {
          "east": -5183.943615571609,
          "north": -2565.2113298693016,
          "up": 11934.379181530026
        },
        "position_error_3d_m": 13262.088335735543,
        "residual_rms_m": 6021.829902956692
      },
      "wls": {
        "converged": true,
        "iterations": 5,
        "position_ecef_m": [
          -1637475.207101952,
          5037775.576998741,
          3547616.9404575294
        ],
        "clock_bias_m": 3170.8651275822895,
        "clock_bias_s": 1.0576867572773593e-05,
        "enu_error_m": {
          "east": 573.1988464007516,
          "north": -1243.3470578603665,
          "up": 3436.3126568123926
        },
        "position_error_3d_m": 3699.0152066697733,
        "weighted_residual_rms_m": 1.0533215638296032
      }
    }
  },
  "monte_carlo": {
    "based_on_case": "B",
    "num_runs": 120,
    "stats": {
      "LS": {
        "mean_m": 6844.457315562705,
        "std_m": 4346.663030508518,
        "p90_m": 12099.25738669461
      },
      "WLS": {
        "mean_m": 4929.110275856646,
        "std_m": 2575.783876443262,
        "p90_m": 8530.480824033137
      }
    }
  },
  "output_files": {
    "results_dir": "/Users/guozehao/Documents/ka-Nav/nav_ka_github/corrections/issue_03_textbook_full_correction/corrected_fullstack/wls/20p5GHz",
    "sky_geometry_png": "/Users/guozehao/Documents/ka-Nav/nav_ka_github/corrections/issue_03_textbook_full_correction/corrected_fullstack/wls/20p5GHz/sky_geometry.png",
    "geometry_3d_png": "/Users/guozehao/Documents/ka-Nav/nav_ka_github/corrections/issue_03_textbook_full_correction/corrected_fullstack/wls/20p5GHz/geometry_3d.png",
    "legacy_channel_overview_png": "/Users/guozehao/Documents/ka-Nav/nav_ka_github/corrections/issue_03_textbook_full_correction/corrected_fullstack/wls/20p5GHz/legacy_channel_overview.png",
    "pseudorange_formation_png": "/Users/guozehao/Documents/ka-Nav/nav_ka_github/corrections/issue_03_textbook_full_correction/corrected_fullstack/wls/20p5GHz/pseudorange_formation.png",
    "ls_vs_wls_residuals_png": "/Users/guozehao/Documents/ka-Nav/nav_ka_github/corrections/issue_03_textbook_full_correction/corrected_fullstack/wls/20p5GHz/ls_vs_wls_residuals.png",
    "monte_carlo_position_error_png": "/Users/guozehao/Documents/ka-Nav/nav_ka_github/corrections/issue_03_textbook_full_correction/corrected_fullstack/wls/20p5GHz/monte_carlo_position_error.png",
    "dop_summary_png": "/Users/guozehao/Documents/ka-Nav/nav_ka_github/corrections/issue_03_textbook_full_correction/corrected_fullstack/wls/20p5GHz/dop_summary.png",
    "satellite_observations_csv": "/Users/guozehao/Documents/ka-Nav/nav_ka_github/corrections/issue_03_textbook_full_correction/corrected_fullstack/wls/20p5GHz/satellite_observations.csv",
    "summary_json": "/Users/guozehao/Documents/ka-Nav/nav_ka_github/corrections/issue_03_textbook_full_correction/corrected_fullstack/wls/20p5GHz/summary.json",
    "report_summary_md": "/Users/guozehao/Documents/ka-Nav/nav_ka_github/corrections/issue_03_textbook_full_correction/corrected_fullstack/wls/20p5GHz/report_summary.md"
  }
}