{
  "receiver_truth": {
    "latitude_deg": 34.0,
    "longitude_deg": 108.0,
    "height_m": 500.0,
    "receiver_clock_bias_m": 120.0,
    "carrier_frequency_hz": 21500000000.0
  },
  "legacy_coupling_level": "real WKB and single-channel receiver reused; multisat geometry and navigation solution added here",
  "real_reused_components": [
    "build_fields_from_csv",
    "compute_real_wkb_series",
    "build_signal_config_from_wkb_time",
    "resample_wkb_to_receiver_time",
    "KaBpskReceiver.run"
  ],
  "simplified_components": [
    "多星几何使用静态自洽 az/el 场景，不是真实星历。",
    "所有卫星共享同一真实单通道 WKB/接收机背景，再按仰角映射到多星伪距形成。",
    "对流层、卫星钟差、硬件偏差使用参数化项。",
    "多星伪距方差由旧脚本单通道伪距误差统计映射得到，不是真实多星同步跟踪输出。"
  ],
  "claim_boundary": "本结果代表真实单通道 Ka/WKB 背景耦合下的 hybrid 多星标准伪距/WLS 实验，不代表真实多星端到端 Ka 导航系统。",
  "legacy_channel_metrics": {
    "effective_pseudorange_sigma_100ms_m": 188.3450557532669,
    "effective_pseudorange_sigma_1s_m": 104.96657935863695,
    "effective_pseudorange_rmse_m": 106.93830138285622,
    "effective_pseudorange_bias_m": -28.983729679701504,
    "tau_g_median_m": 0.1451532814607685,
    "tau_g_span_m": 0.035775588706488476
  },
  "experiments": {
    "A": {
      "case_name": "A",
      "description": "几何较好、噪声中等；验证在真实单通道背景映射下 LS/WLS 都能工作。",
      "num_satellites": 8,
      "dops": {
        "GDOP": 4.324801489031356,
        "PDOP": 3.5558515649063316,
        "HDOP": 1.4279257363997166,
        "VDOP": 3.2565485476151177,
        "TDOP": 2.4616717018889873
      },
      "ls": {
        "converged": true,
        "iterations": 3,
        "position_ecef_m": [
          -1635836.6367470343,
          5034554.516101783,
          3546710.12104626
        ],
        "clock_bias_m": 98.52233931884095,
        "clock_bias_s": 3.2863514971694503e-07,
        "enu_error_m": {
          "east": 10.188390024765411,
          "north": 1.0483834431533061,
          "up": -30.237035064422358
        },
        "position_error_3d_m": 31.924609451451786,
        "residual_rms_m": 10.885879886705036
      },
      "wls": {
        "converged": true,
        "iterations": 3,
        "position_ecef_m": [
          -1635836.1292157886,
          5034557.684850396,
          3546712.8479701327
        ],
        "clock_bias_m": 101.49789688369691,
        "clock_bias_s": 3.38560541385257e-07,
        "enu_error_m": {
          "east": 8.726501954145158,
          "north": 1.7115905109038185,
          "up": -26.343744785424057
        },
        "position_error_3d_m": 27.804213129528996,
        "weighted_residual_rms_m": 0.17700256866932026
      }
    },
    "B": {
      "case_name": "B",
      "description": "引入低仰角大误差；低仰角星更容易放大真实单通道背景映射出的测量不确定性。",
      "num_satellites": 8,
      "dops": {
        "GDOP": 2.334571724045933,
        "PDOP": 2.1040175018509704,
        "HDOP": 1.1512697647243388,
        "VDOP": 1.7610984006939427,
        "TDOP": 1.0116004579969313
      },
      "ls": {
        "converged": true,
        "iterations": 3,
        "position_ecef_m": [
          -1635770.0188357204,
          5035143.291452108,
          3546932.364172369
        ],
        "clock_bias_m": 485.3238479258769,
        "clock_bias_s": 1.6188661021148068e-06,
        "enu_error_m": {
          "east": -235.11059775171475,
          "north": -116.31702647130075,
          "up": 541.1998674121118
        },
        "position_error_3d_m": 601.418274006686,
        "residual_rms_m": 272.95476537755655
      },
      "wls": {
        "converged": true,
        "iterations": 3,
        "position_ecef_m": [
          -1635909.2307612319,
          5034726.829280222,
          3546766.541773211
        ],
        "clock_bias_m": 258.3040667955118,
        "clock_bias_s": 8.616096232664792e-07,
        "enu_error_m": {
          "east": 25.981699779085364,
          "north": -56.36126094190007,
          "up": 155.77297780922254
        },
        "position_error_3d_m": 167.68083096741864,
        "weighted_residual_rms_m": 1.0533224253333873
      }
    }
  },
  "monte_carlo": {
    "based_on_case": "B",
    "num_runs": 120,
    "stats": {
      "LS": {
        "mean_m": 325.66226424578986,
        "std_m": 213.28526375444133,
        "p90_m": 594.3797751165356
      },
      "WLS": {
        "mean_m": 233.65182629774617,
        "std_m": 125.05303162307467,
        "p90_m": 397.82498366737127
      }
    }
  },
  "output_files": {
    "results_dir": "/home/guo/src/nav_ka_github/results_ka_multifreq/wls/21p5GHz",
    "sky_geometry_png": "/home/guo/src/nav_ka_github/results_ka_multifreq/wls/21p5GHz/sky_geometry.png",
    "geometry_3d_png": "/home/guo/src/nav_ka_github/results_ka_multifreq/wls/21p5GHz/geometry_3d.png",
    "legacy_channel_overview_png": "/home/guo/src/nav_ka_github/results_ka_multifreq/wls/21p5GHz/legacy_channel_overview.png",
    "pseudorange_formation_png": "/home/guo/src/nav_ka_github/results_ka_multifreq/wls/21p5GHz/pseudorange_formation.png",
    "ls_vs_wls_residuals_png": "/home/guo/src/nav_ka_github/results_ka_multifreq/wls/21p5GHz/ls_vs_wls_residuals.png",
    "monte_carlo_position_error_png": "/home/guo/src/nav_ka_github/results_ka_multifreq/wls/21p5GHz/monte_carlo_position_error.png",
    "dop_summary_png": "/home/guo/src/nav_ka_github/results_ka_multifreq/wls/21p5GHz/dop_summary.png",
    "satellite_observations_csv": "/home/guo/src/nav_ka_github/results_ka_multifreq/wls/21p5GHz/satellite_observations.csv",
    "summary_json": "/home/guo/src/nav_ka_github/results_ka_multifreq/wls/21p5GHz/summary.json",
    "report_summary_md": "/home/guo/src/nav_ka_github/results_ka_multifreq/wls/21p5GHz/report_summary.md"
  }
}