{
  "receiver_truth": {
    "latitude_deg": 34.0,
    "longitude_deg": 108.0,
    "height_m": 500.0,
    "receiver_clock_bias_m": 120.0,
    "carrier_frequency_hz": 31000000000.0
  },
  "legacy_coupling_level": "real WKB and single-channel receiver reused; multisat geometry and navigation solution added here",
  "real_reused_components": [
    "build_fields_from_csv",
    "compute_real_wkb_series",
    "build_signal_config_from_wkb_time",
    "resample_wkb_to_receiver_time",
    "KaBpskReceiver.run"
  ],
  "simplified_components": [
    "多星几何使用静态自洽 az/el 场景，不是真实星历。",
    "所有卫星共享同一真实单通道 WKB/接收机背景，再按仰角映射到多星伪距形成。",
    "对流层、卫星钟差、硬件偏差使用参数化项。",
    "多星伪距方差由旧脚本单通道伪距误差统计映射得到，不是真实多星同步跟踪输出。"
  ],
  "claim_boundary": "本结果代表真实单通道 Ka/WKB 背景耦合下的 hybrid 多星标准伪距/WLS 实验，不代表真实多星端到端 Ka 导航系统。",
  "legacy_channel_metrics": {
    "effective_pseudorange_sigma_100ms_m": 150.35034330154096,
    "effective_pseudorange_sigma_1s_m": 5.350442900096282,
    "effective_pseudorange_rmse_m": 17.266454049928722,
    "effective_pseudorange_bias_m": -15.438171609857653,
    "tau_g_median_m": 0.14225104260130628,
    "tau_g_span_m": 0.01991696386573144
  },
  "experiments": {
    "A": {
      "case_name": "A",
      "description": "几何较好、噪声中等；验证在真实单通道背景映射下 LS/WLS 都能工作。",
      "num_satellites": 8,
      "dops": {
        "GDOP": 4.32480148903137,
        "PDOP": 3.555851564906343,
        "HDOP": 1.4279257363997195,
        "VDOP": 3.2565485476151297,
        "TDOP": 2.461671701888996
      },
      "ls": {
        "converged": true,
        "iterations": 4,
        "position_ecef_m": [
          -1635834.9643258774,
          5034580.658652955,
          3546725.342670713
        ],
        "clock_bias_m": 118.9052247853454,
        "clock_bias_s": 3.966251371985662e-07,
        "enu_error_m": {
          "east": 0.5193303972384167,
          "north": 0.05343902642096365,
          "up": -1.541265397880412
        },
        "position_error_3d_m": 1.6272857209918903,
        "residual_rms_m": 0.5548840365687361
      },
      "wls": {
        "converged": true,
        "iterations": 4,
        "position_ecef_m": [
          -1635834.9384556261,
          5034580.820172572,
          3546725.4816694204
        ],
        "clock_bias_m": 119.05689684266544,
        "clock_bias_s": 3.9713106072423423e-07,
        "enu_error_m": {
          "east": 0.4448140196925749,
          "north": 0.08724454202432119,
          "up": -1.3428139082295514
        },
        "position_error_3d_m": 1.4172580267413628,
        "weighted_residual_rms_m": 0.1770025691233253
      }
    },
    "B": {
      "case_name": "B",
      "description": "引入低仰角大误差；低仰角星更容易放大真实单通道背景映射出的测量不确定性。",
      "num_satellites": 8,
      "dops": {
        "GDOP": 2.3345717240459307,
        "PDOP": 2.1040175018509686,
        "HDOP": 1.1512697647243384,
        "VDOP": 1.7610984006939414,
        "TDOP": 1.0116004579969304
      },
      "ls": {
        "converged": true,
        "iterations": 4,
        "position_ecef_m": [
          -1635831.5684916931,
          5034610.670749953,
          3546736.6712500453
        ],
        "clock_bias_m": 138.6221525980119,
        "clock_bias_s": 4.6239372905776e-07,
        "enu_error_m": {
          "east": -11.984547841250437,
          "north": -5.929097657914424,
          "up": 27.587013808847466
        },
        "position_error_3d_m": 30.656596629206046,
        "residual_rms_m": 13.913259084254827
      },
      "wls": {
        "converged": true,
        "iterations": 4,
        "position_ecef_m": [
          -1635838.6646527585,
          5034589.4419605415,
          3546728.2186019183
        ],
        "clock_bias_m": 127.04977707784303,
        "clock_bias_s": 4.237924393609763e-07,
        "enu_error_m": {
          "east": 1.3243590788248607,
          "north": -2.8728970961833804,
          "up": 7.940210078443068
        },
        "position_error_3d_m": 8.547186717554121,
        "weighted_residual_rms_m": 1.053322464152414
      }
    }
  },
  "monte_carlo": {
    "based_on_case": "B",
    "num_runs": 120,
    "stats": {
      "LS": {
        "mean_m": 15.309052394238389,
        "std_m": 9.987693738932059,
        "p90_m": 29.54408967583667
      },
      "WLS": {
        "mean_m": 11.370863617086544,
        "std_m": 6.456056262226717,
        "p90_m": 20.065563918512545
      }
    }
  },
  "output_files": {
    "results_dir": "/Users/guozehao/Documents/ka-Nav/nav_ka_github/corrections/issue_01_truth_dependency/corrected_fullstack/wls/31p0GHz",
    "sky_geometry_png": "/Users/guozehao/Documents/ka-Nav/nav_ka_github/corrections/issue_01_truth_dependency/corrected_fullstack/wls/31p0GHz/sky_geometry.png",
    "geometry_3d_png": "/Users/guozehao/Documents/ka-Nav/nav_ka_github/corrections/issue_01_truth_dependency/corrected_fullstack/wls/31p0GHz/geometry_3d.png",
    "legacy_channel_overview_png": "/Users/guozehao/Documents/ka-Nav/nav_ka_github/corrections/issue_01_truth_dependency/corrected_fullstack/wls/31p0GHz/legacy_channel_overview.png",
    "pseudorange_formation_png": "/Users/guozehao/Documents/ka-Nav/nav_ka_github/corrections/issue_01_truth_dependency/corrected_fullstack/wls/31p0GHz/pseudorange_formation.png",
    "ls_vs_wls_residuals_png": "/Users/guozehao/Documents/ka-Nav/nav_ka_github/corrections/issue_01_truth_dependency/corrected_fullstack/wls/31p0GHz/ls_vs_wls_residuals.png",
    "monte_carlo_position_error_png": "/Users/guozehao/Documents/ka-Nav/nav_ka_github/corrections/issue_01_truth_dependency/corrected_fullstack/wls/31p0GHz/monte_carlo_position_error.png",
    "dop_summary_png": "/Users/guozehao/Documents/ka-Nav/nav_ka_github/corrections/issue_01_truth_dependency/corrected_fullstack/wls/31p0GHz/dop_summary.png",
    "satellite_observations_csv": "/Users/guozehao/Documents/ka-Nav/nav_ka_github/corrections/issue_01_truth_dependency/corrected_fullstack/wls/31p0GHz/satellite_observations.csv",
    "summary_json": "/Users/guozehao/Documents/ka-Nav/nav_ka_github/corrections/issue_01_truth_dependency/corrected_fullstack/wls/31p0GHz/summary.json",
    "report_summary_md": "/Users/guozehao/Documents/ka-Nav/nav_ka_github/corrections/issue_01_truth_dependency/corrected_fullstack/wls/31p0GHz/report_summary.md"
  }
}