{
  "receiver_truth": {
    "latitude_deg": 34.0,
    "longitude_deg": 108.0,
    "height_m": 500.0,
    "receiver_clock_bias_m": 120.0,
    "carrier_frequency_hz": 26500000000.0
  },
  "legacy_coupling_level": "real WKB and single-channel receiver reused; multisat geometry and navigation solution added here",
  "real_reused_components": [
    "build_fields_from_csv",
    "compute_real_wkb_series",
    "build_signal_config_from_wkb_time",
    "resample_wkb_to_receiver_time",
    "KaBpskReceiver.run"
  ],
  "simplified_components": [
    "多星几何使用静态自洽 az/el 场景，不是真实星历。",
    "所有卫星共享同一真实单通道 WKB/接收机背景，再按仰角映射到多星伪距形成。",
    "对流层、卫星钟差、硬件偏差使用参数化项。",
    "多星伪距方差由旧脚本单通道伪距误差统计映射得到，不是真实多星同步跟踪输出。"
  ],
  "claim_boundary": "本结果代表真实单通道 Ka/WKB 背景耦合下的 hybrid 多星标准伪距/WLS 实验，不代表真实多星端到端 Ka 导航系统。",
  "legacy_channel_metrics": {
    "effective_pseudorange_sigma_100ms_m": 149.75033458017072,
    "effective_pseudorange_sigma_1s_m": 4.27292410904464,
    "effective_pseudorange_rmse_m": 17.107913653041624,
    "effective_pseudorange_bias_m": -15.668503016574036,
    "tau_g_median_m": 0.14315686510121506,
    "tau_g_span_m": 0.034552248359680765
  },
  "experiments": {
    "A": {
      "case_name": "A",
      "description": "几何较好、噪声中等；验证在真实单通道背景映射下 LS/WLS 都能工作。",
      "num_satellites": 8,
      "dops": {
        "GDOP": 4.32480148903137,
        "PDOP": 3.555851564906343,
        "HDOP": 1.4279257363997195,
        "VDOP": 3.2565485476151297,
        "TDOP": 2.461671701888996
      },
      "ls": {
        "converged": true,
        "iterations": 4,
        "position_ecef_m": [
          -1635834.946235814,
          5034580.941429023,
          3546725.507318423
        ],
        "clock_bias_m": 119.12570017028308,
        "clock_bias_s": 3.9736056392146823e-07,
        "enu_error_m": {
          "east": 0.4147431138884,
          "north": 0.042677014205673824,
          "up": -1.2308719335688814
        },
        "position_error_3d_m": 1.2995687341987547,
        "residual_rms_m": 0.44313665615398923
      },
      "wls": {
        "converged": true,
        "iterations": 4,
        "position_ecef_m": [
          -1635834.9255755416,
          5034581.070420416,
          3546725.6183243594
        ],
        "clock_bias_m": 119.24682718800375,
        "clock_bias_s": 3.977646001621687e-07,
        "enu_error_m": {
          "east": 0.355233494576754,
          "north": 0.06967447765342755,
          "up": -1.0723863301721186
        },
        "position_error_3d_m": 1.1318382435867391,
        "weighted_residual_rms_m": 0.17700256879132908
      }
    },
    "B": {
      "case_name": "B",
      "description": "引入低仰角大误差；低仰角星更容易放大真实单通道背景映射出的测量不确定性。",
      "num_satellites": 8,
      "dops": {
        "GDOP": 2.3345717240459307,
        "PDOP": 2.1040175018509686,
        "HDOP": 1.1512697647243384,
        "VDOP": 1.7610984006939414,
        "TDOP": 1.0116004579969304
      },
      "ls": {
        "converged": true,
        "iterations": 4,
        "position_ecef_m": [
          -1635832.2342831623,
          5034604.909433336,
          3546734.5544516775
        ],
        "clock_bias_m": 134.8718661975115,
        "clock_bias_s": 4.4988412015859153e-07,
        "enu_error_m": {
          "east": -9.570997781377855,
          "north": -4.735045113927691,
          "up": 22.03130526693925
        },
        "position_error_3d_m": 24.48270946049753,
        "residual_rms_m": 11.111285653702675
      },
      "wls": {
        "converged": true,
        "iterations": 4,
        "position_ecef_m": [
          -1635837.901358683,
          5034587.955877795,
          3546727.8040696145
        ],
        "clock_bias_m": 125.63003181763408,
        "clock_bias_s": 4.1905667892964165e-07,
        "enu_error_m": {
          "east": 1.057648098122474,
          "north": -2.294328098657904,
          "up": 6.341141607573208
        },
        "position_error_3d_m": 6.825880002684591,
        "weighted_residual_rms_m": 1.0533224645525159
      }
    }
  },
  "monte_carlo": {
    "based_on_case": "B",
    "num_runs": 120,
    "stats": {
      "LS": {
        "mean_m": 12.710438124193956,
        "std_m": 8.023528248216186,
        "p90_m": 24.19246888687408
      },
      "WLS": {
        "mean_m": 9.701277139507779,
        "std_m": 5.402087173729886,
        "p90_m": 17.60187637239377
      }
    }
  },
  "output_files": {
    "results_dir": "/Users/guozehao/Documents/ka-Nav/nav_ka_github/corrections/issue_01_truth_dependency/corrected_fullstack/wls/26p5GHz",
    "sky_geometry_png": "/Users/guozehao/Documents/ka-Nav/nav_ka_github/corrections/issue_01_truth_dependency/corrected_fullstack/wls/26p5GHz/sky_geometry.png",
    "geometry_3d_png": "/Users/guozehao/Documents/ka-Nav/nav_ka_github/corrections/issue_01_truth_dependency/corrected_fullstack/wls/26p5GHz/geometry_3d.png",
    "legacy_channel_overview_png": "/Users/guozehao/Documents/ka-Nav/nav_ka_github/corrections/issue_01_truth_dependency/corrected_fullstack/wls/26p5GHz/legacy_channel_overview.png",
    "pseudorange_formation_png": "/Users/guozehao/Documents/ka-Nav/nav_ka_github/corrections/issue_01_truth_dependency/corrected_fullstack/wls/26p5GHz/pseudorange_formation.png",
    "ls_vs_wls_residuals_png": "/Users/guozehao/Documents/ka-Nav/nav_ka_github/corrections/issue_01_truth_dependency/corrected_fullstack/wls/26p5GHz/ls_vs_wls_residuals.png",
    "monte_carlo_position_error_png": "/Users/guozehao/Documents/ka-Nav/nav_ka_github/corrections/issue_01_truth_dependency/corrected_fullstack/wls/26p5GHz/monte_carlo_position_error.png",
    "dop_summary_png": "/Users/guozehao/Documents/ka-Nav/nav_ka_github/corrections/issue_01_truth_dependency/corrected_fullstack/wls/26p5GHz/dop_summary.png",
    "satellite_observations_csv": "/Users/guozehao/Documents/ka-Nav/nav_ka_github/corrections/issue_01_truth_dependency/corrected_fullstack/wls/26p5GHz/satellite_observations.csv",
    "summary_json": "/Users/guozehao/Documents/ka-Nav/nav_ka_github/corrections/issue_01_truth_dependency/corrected_fullstack/wls/26p5GHz/summary.json",
    "report_summary_md": "/Users/guozehao/Documents/ka-Nav/nav_ka_github/corrections/issue_01_truth_dependency/corrected_fullstack/wls/26p5GHz/report_summary.md"
  }
}