{
  "receiver_truth": {
    "latitude_deg": 34.0,
    "longitude_deg": 108.0,
    "height_m": 500.0,
    "receiver_clock_bias_m": 120.0,
    "carrier_frequency_hz": 29500000000.0
  },
  "legacy_coupling_level": "real WKB and single-channel receiver reused; multisat geometry and navigation solution added here",
  "real_reused_components": [
    "build_fields_from_csv",
    "compute_real_wkb_series",
    "build_textbook_signal_config",
    "build_navigation_data_model",
    "run_textbook_acquisition",
    "run_textbook_tracking",
    "form_standard_observables"
  ],
  "simplified_components": [
    "多星几何使用静态自洽 az/el 场景，不是真实星历。",
    "所有卫星共享同一真实单通道 WKB/接收机背景，再按仰角映射到多星伪距形成。",
    "对流层、卫星钟差、硬件偏差使用参数化项。",
    "多星伪距方差由旧脚本单通道伪距误差统计映射得到，不是真实多星同步跟踪输出。"
  ],
  "claim_boundary": "本结果代表真实单通道 Ka/WKB 背景耦合下的 hybrid 多星标准伪距/WLS 实验，不代表真实多星端到端 Ka 导航系统。",
  "legacy_channel_metrics": {
    "effective_pseudorange_sigma_100ms_m": 5996.228217424646,
    "effective_pseudorange_sigma_1s_m": 5655.199543504208,
    "effective_pseudorange_rmse_m": 9143.427241973823,
    "effective_pseudorange_bias_m": -7811.353836150225,
    "tau_g_median_m": 0.14250169872900492,
    "tau_g_span_m": 0.027127120556470263
  },
  "experiments": {
    "A": {
      "case_name": "A",
      "description": "几何较好、噪声中等；验证在真实单通道背景映射下 LS/WLS 都能工作。",
      "num_satellites": 8,
      "dops": {
        "GDOP": 4.32480148903137,
        "PDOP": 3.555851564906343,
        "HDOP": 1.4279257363997195,
        "VDOP": 3.2565485476151297,
        "TDOP": 2.461671701888996
      },
      "ls": {
        "converged": true,
        "iterations": 4,
        "position_ecef_m": [
          -1635929.8265480255,
          5033097.863708408,
          3545861.9772404344
        ],
        "clock_bias_m": -1037.2400529354911,
        "clock_bias_s": -3.4598603976071044e-06,
        "enu_error_m": {
          "east": 548.9475019597494,
          "north": 56.48487574442538,
          "up": -1629.1535007144616
        },
        "position_error_3d_m": 1720.0799487192148,
        "residual_rms_m": 586.4894482812614
      },
      "wls": {
        "converged": true,
        "iterations": 4,
        "position_ecef_m": [
          -1635902.4798310965,
          5033268.609833432,
          3546008.911292705
        ],
        "clock_bias_m": -876.8981943909346,
        "clock_bias_s": -2.9250175279290534e-06,
        "enu_error_m": {
          "east": 470.17577426883514,
          "north": 92.21734492956466,
          "up": -1419.3681260645342
        },
        "position_error_3d_m": 1498.057133324061,
        "weighted_residual_rms_m": 0.17700254498741705
      }
    },
    "B": {
      "case_name": "B",
      "description": "引入低仰角大误差；低仰角星更容易放大真实单通道背景映射出的测量不确定性。",
      "num_satellites": 8,
      "dops": {
        "GDOP": 2.3345717240459307,
        "PDOP": 2.1040175018509686,
        "HDOP": 1.1512697647243384,
        "VDOP": 1.7610984006939414,
        "TDOP": 1.0116004579969304
      },
      "ls": {
        "converged": true,
        "iterations": 5,
        "position_ecef_m": [
          -1632348.4222365601,
          5064786.193301555,
          3557822.6668911814
        ],
        "clock_bias_m": 19769.05533638729,
        "clock_bias_s": 6.594247056204225e-05,
        "enu_error_m": {
          "east": -12649.402773583945,
          "north": -6261.402881316664,
          "up": 29126.701721679012
        },
        "position_error_3d_m": 32366.298981412325,
        "residual_rms_m": 14706.701291732781
      },
      "wls": {
        "converged": true,
        "iterations": 5,
        "position_ecef_m": [
          -1639840.6196691317,
          5042380.35969891,
          3548901.2724816734
        ],
        "clock_bias_m": 7569.6295517721455,
        "clock_bias_s": 2.524956632422069e-05,
        "enu_error_m": {
          "east": 1399.8837723874576,
          "north": -3036.2653134087923,
          "up": 8391.183516790037
        },
        "position_error_3d_m": 9032.748332708708,
        "weighted_residual_rms_m": 1.0533202622481421
      }
    }
  },
  "monte_carlo": {
    "based_on_case": "B",
    "num_runs": 120,
    "stats": {
      "LS": {
        "mean_m": 17915.19232575254,
        "std_m": 11540.11404239189,
        "p90_m": 32354.866081950346
      },
      "WLS": {
        "mean_m": 13547.212813919721,
        "std_m": 7478.55863532963,
        "p90_m": 25603.84573152419
      }
    }
  },
  "output_files": {
    "results_dir": "/Users/guozehao/Documents/ka-Nav/nav_ka_github/corrections/issue_03_textbook_full_correction/corrected_fullstack/wls/29p5GHz",
    "sky_geometry_png": "/Users/guozehao/Documents/ka-Nav/nav_ka_github/corrections/issue_03_textbook_full_correction/corrected_fullstack/wls/29p5GHz/sky_geometry.png",
    "geometry_3d_png": "/Users/guozehao/Documents/ka-Nav/nav_ka_github/corrections/issue_03_textbook_full_correction/corrected_fullstack/wls/29p5GHz/geometry_3d.png",
    "legacy_channel_overview_png": "/Users/guozehao/Documents/ka-Nav/nav_ka_github/corrections/issue_03_textbook_full_correction/corrected_fullstack/wls/29p5GHz/legacy_channel_overview.png",
    "pseudorange_formation_png": "/Users/guozehao/Documents/ka-Nav/nav_ka_github/corrections/issue_03_textbook_full_correction/corrected_fullstack/wls/29p5GHz/pseudorange_formation.png",
    "ls_vs_wls_residuals_png": "/Users/guozehao/Documents/ka-Nav/nav_ka_github/corrections/issue_03_textbook_full_correction/corrected_fullstack/wls/29p5GHz/ls_vs_wls_residuals.png",
    "monte_carlo_position_error_png": "/Users/guozehao/Documents/ka-Nav/nav_ka_github/corrections/issue_03_textbook_full_correction/corrected_fullstack/wls/29p5GHz/monte_carlo_position_error.png",
    "dop_summary_png": "/Users/guozehao/Documents/ka-Nav/nav_ka_github/corrections/issue_03_textbook_full_correction/corrected_fullstack/wls/29p5GHz/dop_summary.png",
    "satellite_observations_csv": "/Users/guozehao/Documents/ka-Nav/nav_ka_github/corrections/issue_03_textbook_full_correction/corrected_fullstack/wls/29p5GHz/satellite_observations.csv",
    "summary_json": "/Users/guozehao/Documents/ka-Nav/nav_ka_github/corrections/issue_03_textbook_full_correction/corrected_fullstack/wls/29p5GHz/summary.json",
    "report_summary_md": "/Users/guozehao/Documents/ka-Nav/nav_ka_github/corrections/issue_03_textbook_full_correction/corrected_fullstack/wls/29p5GHz/report_summary.md"
  }
}