{
  "receiver_truth": {
    "latitude_deg": 34.0,
    "longitude_deg": 108.0,
    "height_m": 500.0,
    "receiver_clock_bias_m": 120.0,
    "carrier_frequency_hz": 19000000000.0
  },
  "legacy_coupling_level": "real WKB and single-channel receiver reused; multisat geometry and navigation solution added here",
  "real_reused_components": [
    "build_fields_from_csv",
    "compute_real_wkb_series",
    "build_signal_config_from_wkb_time",
    "resample_wkb_to_receiver_time",
    "KaBpskReceiver.run"
  ],
  "simplified_components": [
    "多星几何使用静态自洽 az/el 场景，不是真实星历。",
    "所有卫星共享同一真实单通道 WKB/接收机背景，再按仰角映射到多星伪距形成。",
    "对流层、卫星钟差、硬件偏差使用参数化项。",
    "多星伪距方差由旧脚本单通道伪距误差统计映射得到，不是真实多星同步跟踪输出。"
  ],
  "claim_boundary": "本结果代表真实单通道 Ka/WKB 背景耦合下的 hybrid 多星标准伪距/WLS 实验，不代表真实多星端到端 Ka 导航系统。",
  "legacy_channel_metrics": {
    "effective_pseudorange_sigma_100ms_m": 319.3443096634555,
    "effective_pseudorange_sigma_1s_m": 267.8145905444426,
    "effective_pseudorange_rmse_m": 281.1215432757924,
    "effective_pseudorange_bias_m": -98.56860018171938,
    "tau_g_median_m": 0.14679063030010583,
    "tau_g_span_m": 0.04647270334885903
  },
  "experiments": {
    "A": {
      "case_name": "A",
      "description": "几何较好、噪声中等；验证在真实单通道背景映射下 LS/WLS 都能工作。",
      "num_satellites": 8,
      "dops": {
        "GDOP": 4.324801489031356,
        "PDOP": 3.5558515649063316,
        "HDOP": 1.4279257363997166,
        "VDOP": 3.2565485476151177,
        "TDOP": 2.4616717018889873
      },
      "ls": {
        "converged": true,
        "iterations": 3,
        "position_ecef_m": [
          -1635839.3707585048,
          5034511.779305753,
          3546685.2373425877
        ],
        "clock_bias_m": 65.20116478937476,
        "clock_bias_s": 2.1748767538833401e-07,
        "enu_error_m": {
          "east": 25.994985707836967,
          "north": 2.674876820759545,
          "up": -77.14773015919104
        },
        "position_error_3d_m": 81.45346227553645,
        "residual_rms_m": 27.774530123026675
      },
      "wls": {
        "converged": true,
        "iterations": 3,
        "position_ecef_m": [
          -1635838.0758254812,
          5034519.864173453,
          3546692.194915149
        ],
        "clock_bias_m": 72.79312532437802,
        "clock_bias_s": 2.4281172985471846e-07,
        "enu_error_m": {
          "east": 22.2650697009741,
          "north": 4.367003335089394,
          "up": -67.21424196781668
        },
        "position_error_3d_m": 70.94052699427968,
        "weighted_residual_rms_m": 0.1770025679588801
      }
    },
    "B": {
      "case_name": "B",
      "description": "引入低仰角大误差；低仰角星更容易放大真实单通道背景映射出的测量不确定性。",
      "num_satellites": 8,
      "dops": {
        "GDOP": 2.334571724045933,
        "PDOP": 2.1040175018509704,
        "HDOP": 1.1512697647243388,
        "VDOP": 1.7610984006939427,
        "TDOP": 1.0116004579969313
      },
      "ls": {
        "converged": true,
        "iterations": 3,
        "position_ecef_m": [
          -1635669.410736432,
          5036013.951355891,
          3547252.256530648
        ],
        "clock_bias_m": 1052.0510181450832,
        "clock_bias_s": 3.509264459698593e-06,
        "enu_error_m": {
          "east": -599.8432927618411,
          "north": -296.7670319348751,
          "up": 1380.7888354808877
        },
        "position_error_3d_m": 1534.4251220908334,
        "residual_rms_m": 696.4255292764506
      },
      "wls": {
        "converged": true,
        "iterations": 3,
        "position_ecef_m": [
          -1636024.588692934,
          5034951.422339465,
          3546829.190112687
        ],
        "clock_bias_m": 472.870447212376,
        "clock_bias_s": 1.5773260287034173e-06,
        "enu_error_m": {
          "east": 66.29054030610604,
          "north": -143.80128840757678,
          "up": 397.44165198496887
        },
        "position_error_3d_m": 427.8236938439661,
        "weighted_residual_rms_m": 1.0533223618774301
      }
    }
  },
  "monte_carlo": {
    "based_on_case": "B",
    "num_runs": 120,
    "stats": {
      "LS": {
        "mean_m": 893.9340043379178,
        "std_m": 582.3057855692014,
        "p90_m": 1666.8171159654241
      },
      "WLS": {
        "mean_m": 642.4529538430919,
        "std_m": 348.39926664616064,
        "p90_m": 1115.1061930796016
      }
    }
  },
  "output_files": {
    "results_dir": "tmp_fullstack_3f/wls/19p0GHz",
    "sky_geometry_png": "tmp_fullstack_3f/wls/19p0GHz/sky_geometry.png",
    "geometry_3d_png": "tmp_fullstack_3f/wls/19p0GHz/geometry_3d.png",
    "legacy_channel_overview_png": "tmp_fullstack_3f/wls/19p0GHz/legacy_channel_overview.png",
    "pseudorange_formation_png": "tmp_fullstack_3f/wls/19p0GHz/pseudorange_formation.png",
    "ls_vs_wls_residuals_png": "tmp_fullstack_3f/wls/19p0GHz/ls_vs_wls_residuals.png",
    "monte_carlo_position_error_png": "tmp_fullstack_3f/wls/19p0GHz/monte_carlo_position_error.png",
    "dop_summary_png": "tmp_fullstack_3f/wls/19p0GHz/dop_summary.png",
    "satellite_observations_csv": "tmp_fullstack_3f/wls/19p0GHz/satellite_observations.csv",
    "summary_json": "tmp_fullstack_3f/wls/19p0GHz/summary.json",
    "report_summary_md": "tmp_fullstack_3f/wls/19p0GHz/report_summary.md"
  }
}