{
  "receiver_truth": {
    "latitude_deg": 34.0,
    "longitude_deg": 108.0,
    "height_m": 500.0,
    "receiver_clock_bias_m": 120.0,
    "carrier_frequency_hz": 20000000000.0
  },
  "legacy_coupling_level": "real WKB and single-channel receiver reused; multisat geometry and navigation solution added here",
  "real_reused_components": [
    "build_fields_from_csv",
    "compute_real_wkb_series",
    "build_signal_config_from_wkb_time",
    "resample_wkb_to_receiver_time",
    "KaBpskReceiver.run"
  ],
  "simplified_components": [
    "多星几何使用静态自洽 az/el 场景，不是真实星历。",
    "所有卫星共享同一真实单通道 WKB/接收机背景，再按仰角映射到多星伪距形成。",
    "对流层、卫星钟差、硬件偏差使用参数化项。",
    "多星伪距方差由旧脚本单通道伪距误差统计映射得到，不是真实多星同步跟踪输出。"
  ],
  "claim_boundary": "本结果代表真实单通道 Ka/WKB 背景耦合下的 hybrid 多星标准伪距/WLS 实验，不代表真实多星端到端 Ka 导航系统。",
  "legacy_channel_metrics": {
    "effective_pseudorange_sigma_100ms_m": 2280.0554671758,
    "effective_pseudorange_sigma_1s_m": 2088.682861335096,
    "effective_pseudorange_rmse_m": 2294.6026060581553,
    "effective_pseudorange_bias_m": -1270.3572181820678,
    "tau_g_median_m": 0.14609024046292624,
    "tau_g_span_m": 0.043233460862591666
  },
  "experiments": {
    "A": {
      "case_name": "A",
      "description": "几何较好、噪声中等；验证在真实单通道背景映射下 LS/WLS 都能工作。",
      "num_satellites": 8,
      "dops": {
        "GDOP": 4.32480148903137,
        "PDOP": 3.555851564906343,
        "HDOP": 1.4279257363997195,
        "VDOP": 3.2565485476151297,
        "TDOP": 2.461671701888996
      },
      "ls": {
        "converged": true,
        "iterations": 4,
        "position_ecef_m": [
          -1635869.94184486,
          5034033.912006064,
          3546406.9967045626
        ],
        "clock_bias_m": -307.38825692015257,
        "clock_bias_s": -1.0253368579410779e-06,
        "enu_error_m": {
          "east": 202.7389332562486,
          "north": 20.861571527225237,
          "up": -601.6860235402646
        },
        "position_error_3d_m": 635.2671494325541,
        "residual_rms_m": 216.61319913906368
      },
      "wls": {
        "converged": true,
        "iterations": 4,
        "position_ecef_m": [
          -1635859.8423300418,
          5034096.9689470595,
          3546461.2608858375
        ],
        "clock_bias_m": -248.17499256882493,
        "clock_bias_s": -8.27822668470282e-07,
        "enu_error_m": {
          "east": 173.64805749609775,
          "north": 34.058615884941474,
          "up": -524.2112641382708
        },
        "position_error_3d_m": 553.2730669729099,
        "weighted_residual_rms_m": 0.1770025601905473
      }
    },
    "B": {
      "case_name": "B",
      "description": "引入低仰角大误差；低仰角星更容易放大真实单通道背景映射出的测量不确定性。",
      "num_satellites": 8,
      "dops": {
        "GDOP": 2.3345717240459307,
        "PDOP": 2.1040175018509686,
        "HDOP": 1.1512697647243384,
        "VDOP": 1.7610984006939414,
        "TDOP": 1.0116004579969304
      },
      "ls": {
        "converged": true,
        "iterations": 5,
        "position_ecef_m": [
          -1634545.361101133,
          5045745.375408664,
          3550827.6055761185
        ],
        "clock_bias_m": 7385.028227551054,
        "clock_bias_s": 2.46338025873588e-05,
        "enu_error_m": {
          "east": -4676.053434828089,
          "north": -2313.837835137437,
          "up": 10764.986122783504
        },
        "position_error_3d_m": 11962.61875495506,
        "residual_rms_m": 5431.528248468192
      },
      "wls": {
        "converged": true,
        "iterations": 5,
        "position_ecef_m": [
          -1637314.418486642,
          5037462.551722562,
          3547529.62950328
        ],
        "clock_bias_m": 2871.8304663854333,
        "clock_bias_s": 9.57939531082344e-06,
        "enu_error_m": {
          "east": 517.009916072361,
          "north": -1121.472457362177,
          "up": 3099.4886806253426
        },
        "position_error_3d_m": 3336.4396903381507,
        "weighted_residual_rms_m": 1.0533216522931304
      }
    }
  },
  "monte_carlo": {
    "based_on_case": "B",
    "num_runs": 120,
    "stats": {
      "LS": {
        "mean_m": 6507.467639162556,
        "std_m": 4448.9491700287,
        "p90_m": 12093.866862783862
      },
      "WLS": {
        "mean_m": 4716.097175543037,
        "std_m": 2980.094424626996,
        "p90_m": 9026.145173936693
      }
    }
  },
  "output_files": {
    "results_dir": "/Users/guozehao/Documents/ka-Nav/nav_ka_github/corrections/issue_01_truth_dependency/corrected_fullstack/wls/20p0GHz",
    "sky_geometry_png": "/Users/guozehao/Documents/ka-Nav/nav_ka_github/corrections/issue_01_truth_dependency/corrected_fullstack/wls/20p0GHz/sky_geometry.png",
    "geometry_3d_png": "/Users/guozehao/Documents/ka-Nav/nav_ka_github/corrections/issue_01_truth_dependency/corrected_fullstack/wls/20p0GHz/geometry_3d.png",
    "legacy_channel_overview_png": "/Users/guozehao/Documents/ka-Nav/nav_ka_github/corrections/issue_01_truth_dependency/corrected_fullstack/wls/20p0GHz/legacy_channel_overview.png",
    "pseudorange_formation_png": "/Users/guozehao/Documents/ka-Nav/nav_ka_github/corrections/issue_01_truth_dependency/corrected_fullstack/wls/20p0GHz/pseudorange_formation.png",
    "ls_vs_wls_residuals_png": "/Users/guozehao/Documents/ka-Nav/nav_ka_github/corrections/issue_01_truth_dependency/corrected_fullstack/wls/20p0GHz/ls_vs_wls_residuals.png",
    "monte_carlo_position_error_png": "/Users/guozehao/Documents/ka-Nav/nav_ka_github/corrections/issue_01_truth_dependency/corrected_fullstack/wls/20p0GHz/monte_carlo_position_error.png",
    "dop_summary_png": "/Users/guozehao/Documents/ka-Nav/nav_ka_github/corrections/issue_01_truth_dependency/corrected_fullstack/wls/20p0GHz/dop_summary.png",
    "satellite_observations_csv": "/Users/guozehao/Documents/ka-Nav/nav_ka_github/corrections/issue_01_truth_dependency/corrected_fullstack/wls/20p0GHz/satellite_observations.csv",
    "summary_json": "/Users/guozehao/Documents/ka-Nav/nav_ka_github/corrections/issue_01_truth_dependency/corrected_fullstack/wls/20p0GHz/summary.json",
    "report_summary_md": "/Users/guozehao/Documents/ka-Nav/nav_ka_github/corrections/issue_01_truth_dependency/corrected_fullstack/wls/20p0GHz/report_summary.md"
  }
}