{
  "receiver_truth": {
    "latitude_deg": 34.0,
    "longitude_deg": 108.0,
    "height_m": 500.0,
    "receiver_clock_bias_m": 120.0,
    "carrier_frequency_hz": 27000000000.0
  },
  "legacy_coupling_level": "real WKB and single-channel receiver reused; multisat geometry and navigation solution added here",
  "real_reused_components": [
    "build_fields_from_csv",
    "compute_real_wkb_series",
    "build_textbook_signal_config",
    "build_navigation_data_model",
    "run_textbook_acquisition",
    "run_textbook_tracking",
    "form_standard_observables"
  ],
  "simplified_components": [
    "多星几何使用静态自洽 az/el 场景，不是真实星历。",
    "所有卫星共享同一真实单通道 WKB/接收机背景，再按仰角映射到多星伪距形成。",
    "对流层、卫星钟差、硬件偏差使用参数化项。",
    "多星伪距方差由旧脚本单通道伪距误差统计映射得到，不是真实多星同步跟踪输出。"
  ],
  "claim_boundary": "本结果代表真实单通道 Ka/WKB 背景耦合下的 hybrid 多星标准伪距/WLS 实验，不代表真实多星端到端 Ka 导航系统。",
  "legacy_channel_metrics": {
    "effective_pseudorange_sigma_100ms_m": 138.7511459384972,
    "effective_pseudorange_sigma_1s_m": 5.410851135589687,
    "effective_pseudorange_rmse_m": 27.784414196089887,
    "effective_pseudorange_bias_m": -26.27237312504014,
    "tau_g_median_m": 0.14303458697698096,
    "tau_g_span_m": 0.03558413058308574
  },
  "experiments": {
    "A": {
      "case_name": "A",
      "description": "几何较好、噪声中等；验证在真实单通道背景映射下 LS/WLS 都能工作。",
      "num_satellites": 8,
      "dops": {
        "GDOP": 4.32480148903137,
        "PDOP": 3.555851564906343,
        "HDOP": 1.4279257363997195,
        "VDOP": 3.2565485476151297,
        "TDOP": 2.461671701888996
      },
      "ls": {
        "converged": true,
        "iterations": 4,
        "position_ecef_m": [
          -1635834.9653400485,
          5034580.642799867,
          3546725.333440183
        ],
        "clock_bias_m": 118.8928644234052,
        "clock_bias_s": 3.965839074690972e-07,
        "enu_error_m": {
          "east": 0.5251938047619857,
          "north": 0.054042374668495596,
          "up": -1.5586667779687637
        },
        "position_error_3d_m": 1.645658298543081,
        "residual_rms_m": 0.5611488563715092
      },
      "wls": {
        "converged": true,
        "iterations": 4,
        "position_ecef_m": [
          -1635834.93917771,
          5034580.806143098,
          3546725.4740082305
        ],
        "clock_bias_m": 119.04624890924282,
        "clock_bias_s": 3.9709554304145576e-07,
        "enu_error_m": {
          "east": 0.44983610823697445,
          "north": 0.0882295633187431,
          "up": -1.3579747042521235
        },
        "position_error_3d_m": 1.4332593196996297,
        "weighted_residual_rms_m": 0.17700256886682653
      }
    },
    "B": {
      "case_name": "B",
      "description": "引入低仰角大误差；低仰角星更容易放大真实单通道背景映射出的测量不确定性。",
      "num_satellites": 8,
      "dops": {
        "GDOP": 2.3345717240459307,
        "PDOP": 2.1040175018509686,
        "HDOP": 1.1512697647243384,
        "VDOP": 1.7610984006939414,
        "TDOP": 1.0116004579969304
      },
      "ls": {
        "converged": true,
        "iterations": 4,
        "position_ecef_m": [
          -1635831.5311658795,
          5034610.993742832,
          3546736.78992271
        ],
        "clock_bias_m": 138.8324023965174,
        "clock_bias_s": 4.6309504689580086e-07,
        "enu_error_m": {
          "east": -12.11985708822786,
          "north": -5.996039037823014,
          "up": 27.898479821317938
        },
        "position_error_3d_m": 31.002719176269824,
        "residual_rms_m": 14.070344301592682
      },
      "wls": {
        "converged": true,
        "iterations": 4,
        "position_ecef_m": [
          -1635838.7074448213,
          5034589.525273821,
          3546728.241841571
        ],
        "clock_bias_m": 127.12937132203922,
        "clock_bias_s": 4.240579371814591e-07,
        "enu_error_m": {
          "east": 1.3393115296294371,
          "north": -2.905333030411678,
          "up": 8.029857605246887
        },
        "position_error_3d_m": 8.643687208103998,
        "weighted_residual_rms_m": 1.0533224640301075
      }
    }
  },
  "monte_carlo": {
    "based_on_case": "B",
    "num_runs": 120,
    "stats": {
      "LS": {
        "mean_m": 17.226736816722493,
        "std_m": 11.66787817847285,
        "p90_m": 35.24445011883127
      },
      "WLS": {
        "mean_m": 12.57329836254994,
        "std_m": 7.129510736516821,
        "p90_m": 22.039659108400656
      }
    }
  },
  "output_files": {
    "results_dir": "/Users/guozehao/Documents/ka-Nav/nav_ka_github/corrections/issue_03_textbook_full_correction/corrected_fullstack/wls/27p0GHz",
    "sky_geometry_png": "/Users/guozehao/Documents/ka-Nav/nav_ka_github/corrections/issue_03_textbook_full_correction/corrected_fullstack/wls/27p0GHz/sky_geometry.png",
    "geometry_3d_png": "/Users/guozehao/Documents/ka-Nav/nav_ka_github/corrections/issue_03_textbook_full_correction/corrected_fullstack/wls/27p0GHz/geometry_3d.png",
    "legacy_channel_overview_png": "/Users/guozehao/Documents/ka-Nav/nav_ka_github/corrections/issue_03_textbook_full_correction/corrected_fullstack/wls/27p0GHz/legacy_channel_overview.png",
    "pseudorange_formation_png": "/Users/guozehao/Documents/ka-Nav/nav_ka_github/corrections/issue_03_textbook_full_correction/corrected_fullstack/wls/27p0GHz/pseudorange_formation.png",
    "ls_vs_wls_residuals_png": "/Users/guozehao/Documents/ka-Nav/nav_ka_github/corrections/issue_03_textbook_full_correction/corrected_fullstack/wls/27p0GHz/ls_vs_wls_residuals.png",
    "monte_carlo_position_error_png": "/Users/guozehao/Documents/ka-Nav/nav_ka_github/corrections/issue_03_textbook_full_correction/corrected_fullstack/wls/27p0GHz/monte_carlo_position_error.png",
    "dop_summary_png": "/Users/guozehao/Documents/ka-Nav/nav_ka_github/corrections/issue_03_textbook_full_correction/corrected_fullstack/wls/27p0GHz/dop_summary.png",
    "satellite_observations_csv": "/Users/guozehao/Documents/ka-Nav/nav_ka_github/corrections/issue_03_textbook_full_correction/corrected_fullstack/wls/27p0GHz/satellite_observations.csv",
    "summary_json": "/Users/guozehao/Documents/ka-Nav/nav_ka_github/corrections/issue_03_textbook_full_correction/corrected_fullstack/wls/27p0GHz/summary.json",
    "report_summary_md": "/Users/guozehao/Documents/ka-Nav/nav_ka_github/corrections/issue_03_textbook_full_correction/corrected_fullstack/wls/27p0GHz/report_summary.md"
  }
}