{
  "label": "19p5GHz",
  "frequency_hz": 19500000000.0,
  "metrics": {
    "tau_rmse_ns": 8738.228923267849,
    "fd_rmse_hz": 3646.4695390875536,
    "peak_to_second_ratio": 1.0115296013983452,
    "peak_to_second_db": 0.04978596484827642,
    "loss_found": false,
    "loss_fraction": 0.1708051853204309,
    "pll_integrator_clamped": 0,
    "pll_freq_clamped": 0,
    "tau_g_median_m": 0.1464031434665242,
    "tau_g_span_m": 0.044880527634579157,
    "pseudorange_mean_m": 115673.23151504503,
    "doppler_mean_hz": 30028.034951928046,
    "carrier_phase_mean_cycles": 385530.190927405,
    "post_corr_snr_median_db": 15.751459800190444,
    "carrier_lock_metric_median": 0.6547370698360976
  },
  "wkb": {
    "amplitude_median": 0.8783985095803515,
    "attenuation_db_median": -1.1261683346903792,
    "phase_rad_median": -54.900593691093135,
    "group_delay_ns_median": 0.4883483208457639
  },
  "samples": {
    "pseudorange": 21908,
    "carrier_phase": 21908,
    "doppler": 21908
  },
  "spectrum_png": "/Users/guozehao/Documents/ka-Nav/nav_ka_github/corrections/issue_01_truth_dependency/corrected_fullstack/single_channel/receiver_spectra/19p5GHz_receiver_spectrum.png"
}