{
  "label": "20p5GHz",
  "frequency_hz": 20500000000.0,
  "metrics": {
    "tau_rmse_ns": 8960.323889219144,
    "fd_rmse_hz": 3589.1872575031766,
    "peak_to_second_ratio": 1.0278108229244438,
    "peak_to_second_db": 0.11913186526441988,
    "loss_found": false,
    "loss_fraction": 0.159165601606719,
    "pll_integrator_clamped": 0,
    "pll_freq_clamped": 0,
    "tau_g_median_m": 0.14575716011823278,
    "tau_g_span_m": 0.03962568345094243,
    "pseudorange_mean_m": 115581.339674573,
    "doppler_mean_hz": 29980.674048760953,
    "carrier_phase_mean_cycles": 385340.2838827355,
    "post_corr_snr_median_db": 15.929700212018737,
    "carrier_lock_metric_median": 0.6673119046240823
  },
  "wkb": {
    "amplitude_median": 0.8914072015014125,
    "attenuation_db_median": -0.998477235955429,
    "phase_rad_median": -57.958231440766625,
    "group_delay_ns_median": 0.4861935523349049
  },
  "samples": {
    "pseudorange": 21908,
    "carrier_phase": 21908,
    "doppler": 21908
  },
  "spectrum_png": "/Users/guozehao/Documents/ka-Nav/nav_ka_github/corrections/issue_01_truth_dependency/corrected_fullstack/single_channel/receiver_spectra/20p5GHz_receiver_spectrum.png"
}