{
  "label": "22p0GHz",
  "frequency_hz": 22000000000.0,
  "metrics": {
    "tau_rmse_ns": 9123.684800004952,
    "fd_rmse_hz": 3137.7330587474426,
    "peak_to_second_ratio": 1.034108474161443,
    "peak_to_second_db": 0.14566097035330877,
    "loss_found": false,
    "loss_fraction": 0.14725214533503742,
    "pll_integrator_clamped": 0,
    "pll_freq_clamped": 0,
    "tau_g_median_m": 0.14488263248466357,
    "tau_g_span_m": 0.035916330120811614,
    "pseudorange_mean_m": 115550.86868758552,
    "doppler_mean_hz": 29734.039127198463,
    "carrier_phase_mean_cycles": 384666.65052411426,
    "post_corr_snr_median_db": 16.1894344597471,
    "carrier_lock_metric_median": 0.6689547870054868
  },
  "wkb": {
    "amplitude_median": 0.9072197786629328,
    "attenuation_db_median": -0.8457499153297998,
    "phase_rad_median": -62.52375283565612,
    "group_delay_ns_median": 0.483276442146732
  },
  "samples": {
    "pseudorange": 21908,
    "carrier_phase": 21908,
    "doppler": 21908
  },
  "spectrum_png": "/Users/guozehao/Documents/ka-Nav/nav_ka_github/corrections/issue_01_truth_dependency/corrected_fullstack/single_channel/receiver_spectra/22p0GHz_receiver_spectrum.png"
}