{
  "label": "22p5GHz",
  "frequency_hz": 22500000000.0,
  "metrics": {
    "tau_rmse_ns": 8823.188210125552,
    "fd_rmse_hz": 3201.179409720455,
    "peak_to_second_ratio": 1.019044570446618,
    "peak_to_second_db": 0.08193179370223572,
    "loss_found": false,
    "loss_fraction": 0.14574584626620413,
    "pll_integrator_clamped": 0,
    "pll_freq_clamped": 0,
    "tau_g_median_m": 0.14463625659073073,
    "tau_g_span_m": 0.035813853040757404,
    "pseudorange_mean_m": 115665.74882437497,
    "doppler_mean_hz": 29750.186401147792,
    "carrier_phase_mean_cycles": 384649.5011548462,
    "post_corr_snr_median_db": 16.2660137892666,
    "carrier_lock_metric_median": 0.6710811572569069
  },
  "wkb": {
    "amplitude_median": 0.9121091789842457,
    "attenuation_db_median": -0.7990636830409263,
    "phase_rad_median": -64.03847006970109,
    "group_delay_ns_median": 0.48245462062534855
  },
  "samples": {
    "pseudorange": 21908,
    "carrier_phase": 21908,
    "doppler": 21908
  },
  "spectrum_png": "/Users/guozehao/Documents/ka-Nav/nav_ka_github/corrections/issue_01_truth_dependency/corrected_fullstack/single_channel/receiver_spectra/22p5GHz_receiver_spectrum.png"
}