{
  "label": "23p0GHz",
  "frequency_hz": 23000000000.0,
  "metrics": {
    "tau_rmse_ns": 8865.696114030117,
    "fd_rmse_hz": 3164.065632754643,
    "peak_to_second_ratio": 1.0220920543334153,
    "peak_to_second_db": 0.0949001212809781,
    "loss_found": false,
    "loss_fraction": 0.14314405696549207,
    "pll_integrator_clamped": 0,
    "pll_freq_clamped": 0,
    "tau_g_median_m": 0.1443820106725394,
    "tau_g_span_m": 0.037845141432329844,
    "pseudorange_mean_m": 115631.68350696699,
    "doppler_mean_hz": 29737.15900011392,
    "carrier_phase_mean_cycles": 384638.65592930396,
    "post_corr_snr_median_db": 16.324714627332007,
    "carrier_lock_metric_median": 0.6826248616406907
  },
  "wkb": {
    "amplitude_median": 0.9161803503648456,
    "attenuation_db_median": -0.7603805496525338,
    "phase_rad_median": -65.55094018855836,
    "group_delay_ns_median": 0.4816065475287553
  },
  "samples": {
    "pseudorange": 21908,
    "carrier_phase": 21908,
    "doppler": 21908
  },
  "spectrum_png": "/Users/guozehao/Documents/ka-Nav/nav_ka_github/corrections/issue_01_truth_dependency/corrected_fullstack/single_channel/receiver_spectra/23p0GHz_receiver_spectrum.png"
}