{
  "label": "23p5GHz",
  "frequency_hz": 23500000000.0,
  "metrics": {
    "tau_rmse_ns": 7021.983220904098,
    "fd_rmse_hz": 3039.159783560586,
    "peak_to_second_ratio": 1.0407116458894707,
    "peak_to_second_db": 0.17330414480272285,
    "loss_found": false,
    "loss_fraction": 0.1468869819244112,
    "pll_integrator_clamped": 0,
    "pll_freq_clamped": 0,
    "tau_g_median_m": 0.1441664566646948,
    "tau_g_span_m": 0.03549892024275297,
    "pseudorange_mean_m": 116067.28866162326,
    "doppler_mean_hz": 29670.256850869937,
    "carrier_phase_mean_cycles": 384462.925646541,
    "post_corr_snr_median_db": 16.357113158172133,
    "carrier_lock_metric_median": 0.6741291814690968
  },
  "wkb": {
    "amplitude_median": 0.9197428745955236,
    "attenuation_db_median": -0.7266713703035883,
    "phase_rad_median": -67.0613228594741,
    "group_delay_ns_median": 0.48088753675282514
  },
  "samples": {
    "pseudorange": 21908,
    "carrier_phase": 21908,
    "doppler": 21908
  },
  "spectrum_png": "/Users/guozehao/Documents/ka-Nav/nav_ka_github/corrections/issue_01_truth_dependency/corrected_fullstack/single_channel/receiver_spectra/23p5GHz_receiver_spectrum.png"
}