{
  "label": "25p0GHz",
  "frequency_hz": 25000000000.0,
  "metrics": {
    "tau_rmse_ns": 561.6992977942815,
    "fd_rmse_hz": 79.92904177085678,
    "peak_to_second_ratio": 1.0104082804675565,
    "peak_to_second_db": 0.04496896678936785,
    "loss_found": false,
    "loss_fraction": 0.011548292861055322,
    "pll_integrator_clamped": 0,
    "pll_freq_clamped": 0,
    "tau_g_median_m": 0.14361335547710527,
    "tau_g_span_m": 0.031521221469752024,
    "pseudorange_mean_m": 116849.0513692445,
    "doppler_mean_hz": 28324.24557978268,
    "carrier_phase_mean_cycles": 381829.01936609694,
    "post_corr_snr_median_db": 17.036936845635697,
    "carrier_lock_metric_median": 0.7669176638953469
  },
  "wkb": {
    "amplitude_median": 0.9294784481540237,
    "attenuation_db_median": -0.6352135214042248,
    "phase_rad_median": -71.58132590228261,
    "group_delay_ns_median": 0.4790425897809119
  },
  "samples": {
    "pseudorange": 21908,
    "carrier_phase": 21908,
    "doppler": 21908
  },
  "spectrum_png": "/Users/guozehao/Documents/ka-Nav/nav_ka_github/corrections/issue_01_truth_dependency/corrected_fullstack/single_channel/receiver_spectra/25p0GHz_receiver_spectrum.png"
}