{
  "label": "28p5GHz",
  "frequency_hz": 28500000000.0,
  "metrics": {
    "tau_rmse_ns": 553.5114847343702,
    "fd_rmse_hz": 75.86386086875672,
    "peak_to_second_ratio": 1.0066306871072623,
    "peak_to_second_db": 0.028701657175951596,
    "loss_found": false,
    "loss_fraction": 0.005203578601424137,
    "pll_integrator_clamped": 0,
    "pll_freq_clamped": 0,
    "tau_g_median_m": 0.14269840321775026,
    "tau_g_span_m": 0.03256372609720781,
    "pseudorange_mean_m": 116849.24174536856,
    "doppler_mean_hz": 28322.395012560337,
    "carrier_phase_mean_cycles": 381818.0935072778,
    "post_corr_snr_median_db": 17.241651535656764,
    "carrier_lock_metric_median": 0.7707695641736172
  },
  "wkb": {
    "amplitude_median": 0.9461550420306596,
    "attenuation_db_median": -0.48075384494477036,
    "phase_rad_median": -82.07656516729806,
    "group_delay_ns_median": 0.4759906375554994
  },
  "samples": {
    "pseudorange": 21908,
    "carrier_phase": 21908,
    "doppler": 21908
  },
  "spectrum_png": "/Users/guozehao/Documents/ka-Nav/nav_ka_github/corrections/issue_01_truth_dependency/corrected_fullstack/single_channel/receiver_spectra/28p5GHz_receiver_spectrum.png"
}