{
  "label": "29p0GHz",
  "frequency_hz": 29000000000.0,
  "metrics": {
    "tau_rmse_ns": 554.6402014866902,
    "fd_rmse_hz": 75.06448697043454,
    "peak_to_second_ratio": 1.0086319455236317,
    "peak_to_second_db": 0.03732719072893101,
    "loss_found": false,
    "loss_fraction": 0.003377761548292861,
    "pll_integrator_clamped": 0,
    "pll_freq_clamped": 0,
    "tau_g_median_m": 0.1425978357416411,
    "tau_g_span_m": 0.02981333816806323,
    "pseudorange_mean_m": 116848.72191535434,
    "doppler_mean_hz": 28322.38477384585,
    "carrier_phase_mean_cycles": 381817.8518452324,
    "post_corr_snr_median_db": 17.26789461212936,
    "carrier_lock_metric_median": 0.7752975295845466
  },
  "wkb": {
    "amplitude_median": 0.948069951681904,
    "attenuation_db_median": -0.4631924017570065,
    "phase_rad_median": -83.57120564769738,
    "group_delay_ns_median": 0.47565518056375217
  },
  "samples": {
    "pseudorange": 21908,
    "carrier_phase": 21908,
    "doppler": 21908
  },
  "spectrum_png": "/Users/guozehao/Documents/ka-Nav/nav_ka_github/corrections/issue_01_truth_dependency/corrected_fullstack/single_channel/receiver_spectra/29p0GHz_receiver_spectrum.png"
}