{
  "label": "29p5GHz",
  "frequency_hz": 29500000000.0,
  "metrics": {
    "tau_rmse_ns": 553.3574232431766,
    "fd_rmse_hz": 75.3515140908982,
    "peak_to_second_ratio": 1.0029716632731185,
    "peak_to_second_db": 0.012886631719990443,
    "loss_found": false,
    "loss_fraction": 0.004108088369545372,
    "pll_integrator_clamped": 0,
    "pll_freq_clamped": 0,
    "tau_g_median_m": 0.1425016987290049,
    "tau_g_span_m": 0.027127120556470277,
    "pseudorange_mean_m": 116847.21977555488,
    "doppler_mean_hz": 28322.416518762537,
    "carrier_phase_mean_cycles": 381818.61129369185,
    "post_corr_snr_median_db": 17.301886043065892,
    "carrier_lock_metric_median": 0.7750603621448788
  },
  "wkb": {
    "amplitude_median": 0.949828048319272,
    "attenuation_db_median": -0.4471002422842409,
    "phase_rad_median": -85.06486703775481,
    "group_delay_ns_median": 0.47533450200740174
  },
  "samples": {
    "pseudorange": 21908,
    "carrier_phase": 21908,
    "doppler": 21908
  },
  "spectrum_png": "/Users/guozehao/Documents/ka-Nav/nav_ka_github/corrections/issue_01_truth_dependency/corrected_fullstack/single_channel/receiver_spectra/29p5GHz_receiver_spectrum.png"
}