{
  "label": "30p0GHz",
  "frequency_hz": 30000000000.0,
  "metrics": {
    "tau_rmse_ns": 553.7658138496638,
    "fd_rmse_hz": 75.5328412064349,
    "peak_to_second_ratio": 1.007518230824374,
    "peak_to_second_db": 0.03252913348921338,
    "loss_found": false,
    "loss_fraction": 0.0032408252693080153,
    "pll_integrator_clamped": 0,
    "pll_freq_clamped": 0,
    "tau_g_median_m": 0.14241125440985955,
    "tau_g_span_m": 0.024174136055817943,
    "pseudorange_mean_m": 116847.2590035406,
    "doppler_mean_hz": 28322.405498724936,
    "carrier_phase_mean_cycles": 381818.37098406884,
    "post_corr_snr_median_db": 17.314431284733423,
    "carrier_lock_metric_median": 0.7751180202953294
  },
  "wkb": {
    "amplitude_median": 0.951497131203517,
    "attenuation_db_median": -0.4318503782161231,
    "phase_rad_median": -86.55760142920997,
    "group_delay_ns_median": 0.4750328122325864
  },
  "samples": {
    "pseudorange": 21908,
    "carrier_phase": 21908,
    "doppler": 21908
  },
  "spectrum_png": "/Users/guozehao/Documents/ka-Nav/nav_ka_github/corrections/issue_01_truth_dependency/corrected_fullstack/single_channel/receiver_spectra/30p0GHz_receiver_spectrum.png"
}