{
  "label": "30p5GHz",
  "frequency_hz": 30500000000.0,
  "metrics": {
    "tau_rmse_ns": 553.93317044021,
    "fd_rmse_hz": 75.09431635053816,
    "peak_to_second_ratio": 1.005680540633238,
    "peak_to_second_db": 0.02460046849653442,
    "loss_found": false,
    "loss_fraction": 0.0032864706956362974,
    "pll_integrator_clamped": 0,
    "pll_freq_clamped": 0,
    "tau_g_median_m": 0.1423286663686325,
    "tau_g_span_m": 0.02179152687690524,
    "pseudorange_mean_m": 116848.58389298418,
    "doppler_mean_hz": 28322.398826250985,
    "carrier_phase_mean_cycles": 381818.1307489367,
    "post_corr_snr_median_db": 17.338807660810417,
    "carrier_lock_metric_median": 0.7762891388640523
  },
  "wkb": {
    "amplitude_median": 0.9530840560020217,
    "attenuation_db_median": -0.4173759533782737,
    "phase_rad_median": -88.04945722732262,
    "group_delay_ns_median": 0.47475732818012556
  },
  "samples": {
    "pseudorange": 21908,
    "carrier_phase": 21908,
    "doppler": 21908
  },
  "spectrum_png": "/Users/guozehao/Documents/ka-Nav/nav_ka_github/corrections/issue_01_truth_dependency/corrected_fullstack/single_channel/receiver_spectra/30p5GHz_receiver_spectrum.png"
}