{
  "label": "31p0GHz",
  "frequency_hz": 31000000000.0,
  "metrics": {
    "tau_rmse_ns": 555.0323795468132,
    "fd_rmse_hz": 75.56578453005491,
    "peak_to_second_ratio": 1.0155998906802386,
    "peak_to_second_db": 0.06722645453977155,
    "loss_found": false,
    "loss_fraction": 0.004427606353843345,
    "pll_integrator_clamped": 0,
    "pll_freq_clamped": 0,
    "tau_g_median_m": 0.14225104260130628,
    "tau_g_span_m": 0.019916963865731437,
    "pseudorange_mean_m": 116850.01528681276,
    "doppler_mean_hz": 28322.38431259247,
    "carrier_phase_mean_cycles": 381817.89088837337,
    "post_corr_snr_median_db": 17.353638501634414,
    "carrier_lock_metric_median": 0.7732739126314762
  },
  "wkb": {
    "amplitude_median": 0.9545941456492872,
    "attenuation_db_median": -0.4036247070084267,
    "phase_rad_median": -89.54047947602507,
    "group_delay_ns_median": 0.4744984031629851
  },
  "samples": {
    "pseudorange": 21908,
    "carrier_phase": 21908,
    "doppler": 21908
  },
  "spectrum_png": "/Users/guozehao/Documents/ka-Nav/nav_ka_github/corrections/issue_01_truth_dependency/corrected_fullstack/single_channel/receiver_spectra/31p0GHz_receiver_spectrum.png"
}