{
  "label": "22p0GHz",
  "frequency_hz": 22000000000.0,
  "metrics": {
    "tau_rmse_ns": 749.0331012248824,
    "fd_rmse_hz": 112.36133348171006,
    "peak_to_second_ratio": 1.034108474161445,
    "peak_to_second_db": 0.14566097035331715,
    "loss_found": false,
    "loss_fraction": 0.04226766477998904,
    "pll_integrator_clamped": 0,
    "pll_freq_clamped": 0,
    "tau_g_median_m": 0.14488263248466357,
    "tau_g_span_m": 0.035916330120811614,
    "pseudorange_mean_m": 116851.98777967056,
    "doppler_mean_hz": 28282.39469140901,
    "carrier_phase_mean_cycles": 381821.06214682973,
    "post_corr_snr_median_db": 16.69573239546841,
    "carrier_lock_metric_median": 0.8816695875213449
  },
  "wkb": {
    "amplitude_median": 0.9072197786629228,
    "attenuation_db_median": -0.845749915329895,
    "phase_rad_median": -62.52375283565612,
    "group_delay_ns_median": 0.483276442146732
  },
  "samples": {
    "pseudorange": 21908,
    "carrier_phase": 21908,
    "doppler": 21908
  },
  "spectrum_png": "/home/guo/src/nav_ka_github/results_ka_multifreq/single_channel/receiver_spectra/22p0GHz_receiver_spectrum.png"
}