{
  "label": "22p5GHz",
  "frequency_hz": 22500000000.0,
  "metrics": {
    "tau_rmse_ns": 626.0641621519142,
    "fd_rmse_hz": 106.47564434969598,
    "peak_to_second_ratio": 1.0190445704466193,
    "peak_to_second_db": 0.0819317937022414,
    "loss_found": false,
    "loss_fraction": 0.03601424137301443,
    "pll_integrator_clamped": 0,
    "pll_freq_clamped": 0,
    "tau_g_median_m": 0.1446362565907477,
    "tau_g_span_m": 0.03581385304068961,
    "pseudorange_mean_m": 116851.13589560735,
    "doppler_mean_hz": 28282.156309839374,
    "carrier_phase_mean_cycles": 381819.6169205811,
    "post_corr_snr_median_db": 16.78243454914843,
    "carrier_lock_metric_median": 0.8953966367119802
  },
  "wkb": {
    "amplitude_median": 0.912109178984261,
    "attenuation_db_median": -0.7990636830407809,
    "phase_rad_median": -64.03847006970109,
    "group_delay_ns_median": 0.4824546206254051
  },
  "samples": {
    "pseudorange": 21908,
    "carrier_phase": 21908,
    "doppler": 21908
  },
  "spectrum_png": "/home/guo/src/nav_ka_github/results_ka_multifreq/single_channel/receiver_spectra/22p5GHz_receiver_spectrum.png"
}