{
  "label": "24p0GHz",
  "frequency_hz": 24000000000.0,
  "metrics": {
    "tau_rmse_ns": 584.7145620101513,
    "fd_rmse_hz": 101.98931935581426,
    "peak_to_second_ratio": 1.0061617840649422,
    "peak_to_second_db": 0.026678179739227544,
    "loss_found": false,
    "loss_fraction": 0.02040350556874201,
    "pll_integrator_clamped": 0,
    "pll_freq_clamped": 0,
    "tau_g_median_m": 0.143965052385543,
    "tau_g_span_m": 0.03514933445463913,
    "pseudorange_mean_m": 116857.4631427242,
    "doppler_mean_hz": 28281.850793557616,
    "carrier_phase_mean_cycles": 381817.9873899295,
    "post_corr_snr_median_db": 16.906926744264084,
    "carrier_lock_metric_median": 0.9144062341638617
  },
  "wkb": {
    "amplitude_median": 0.9231789333927474,
    "attenuation_db_median": -0.694282290501789,
    "phase_rad_median": -68.56976258199674,
    "group_delay_ns_median": 0.4802157243913821
  },
  "samples": {
    "pseudorange": 21908,
    "carrier_phase": 21908,
    "doppler": 21908
  },
  "spectrum_png": "/home/guo/src/nav_ka_github/results_ka_multifreq/single_channel/receiver_spectra/24p0GHz_receiver_spectrum.png"
}