{
  "label": "30p5GHz",
  "frequency_hz": 30500000000.0,
  "metrics": {
    "tau_rmse_ns": 542.7246794335466,
    "fd_rmse_hz": 96.2786923238074,
    "peak_to_second_ratio": 1.0056805406332372,
    "peak_to_second_db": 0.024600468496530588,
    "loss_found": false,
    "loss_fraction": 0.005614387438378675,
    "pll_integrator_clamped": 0,
    "pll_freq_clamped": 0,
    "tau_g_median_m": 0.14232866636866642,
    "tau_g_span_m": 0.02179152687690524,
    "pseudorange_mean_m": 116869.14279004953,
    "doppler_mean_hz": 28281.892423446083,
    "carrier_phase_mean_cycles": 381818.0989152583,
    "post_corr_snr_median_db": 17.273978522327383,
    "carrier_lock_metric_median": 0.9266105146037735
  },
  "wkb": {
    "amplitude_median": 0.9530840560020242,
    "attenuation_db_median": -0.41737595337825145,
    "phase_rad_median": -88.04945722732262,
    "group_delay_ns_median": 0.47475732818023864
  },
  "samples": {
    "pseudorange": 21908,
    "carrier_phase": 21908,
    "doppler": 21908
  },
  "spectrum_png": "/home/guo/src/nav_ka_github/results_ka_multifreq/single_channel/receiver_spectra/30p5GHz_receiver_spectrum.png"
}