{
  "label": "31p0GHz",
  "frequency_hz": 31000000000.0,
  "metrics": {
    "tau_rmse_ns": 519.1472886677668,
    "fd_rmse_hz": 96.58474413826742,
    "peak_to_second_ratio": 1.0155998906802375,
    "peak_to_second_db": 0.0672264545397668,
    "loss_found": false,
    "loss_fraction": 0.005066642322439292,
    "pll_integrator_clamped": 0,
    "pll_freq_clamped": 0,
    "tau_g_median_m": 0.14225104260130628,
    "tau_g_span_m": 0.019916963865731437,
    "pseudorange_mean_m": 116855.3704164407,
    "doppler_mean_hz": 28281.88129368727,
    "carrier_phase_mean_cycles": 381817.8588401317,
    "post_corr_snr_median_db": 17.300463040193293,
    "carrier_lock_metric_median": 0.9258224558020534
  },
  "wkb": {
    "amplitude_median": 0.9545941456492688,
    "attenuation_db_median": -0.4036247070085944,
    "phase_rad_median": -89.54047947602507,
    "group_delay_ns_median": 0.4744984031629851
  },
  "samples": {
    "pseudorange": 21908,
    "carrier_phase": 21908,
    "doppler": 21908
  },
  "spectrum_png": "/home/guo/src/nav_ka_github/results_ka_multifreq/single_channel/receiver_spectra/31p0GHz_receiver_spectrum.png"
}