{
  "receiver_truth": {
    "latitude_deg": 34.0,
    "longitude_deg": 108.0,
    "height_m": 500.0,
    "receiver_clock_bias_m": 120.0,
    "carrier_frequency_hz": 25000000000.0
  },
  "legacy_coupling_level": "real WKB and single-channel receiver reused; multisat geometry and navigation solution added here",
  "real_reused_components": [
    "build_fields_from_csv",
    "compute_real_wkb_series",
    "build_signal_config_from_wkb_time",
    "resample_wkb_to_receiver_time",
    "KaBpskReceiver.run"
  ],
  "simplified_components": [
    "多星几何使用静态自洽 az/el 场景，不是真实星历。",
    "所有卫星共享同一真实单通道 WKB/接收机背景，再按仰角映射到多星伪距形成。",
    "对流层、卫星钟差、硬件偏差使用参数化项。",
    "多星伪距方差由旧脚本单通道伪距误差统计映射得到，不是真实多星同步跟踪输出。"
  ],
  "claim_boundary": "本结果代表真实单通道 Ka/WKB 背景耦合下的 hybrid 多星标准伪距/WLS 实验，不代表真实多星端到端 Ka 导航系统。",
  "legacy_channel_metrics": {
    "effective_pseudorange_sigma_100ms_m": 146.61783933899622,
    "effective_pseudorange_sigma_1s_m": 39.276597352234916,
    "effective_pseudorange_rmse_m": 41.748116763279086,
    "effective_pseudorange_bias_m": -15.359884207806678,
    "tau_g_median_m": 0.14361335547707132,
    "tau_g_span_m": 0.031521221469684196
  },
  "experiments": {
    "A": {
      "case_name": "A",
      "description": "几何较好、噪声中等；验证在真实单通道背景映射下 LS/WLS 都能工作。",
      "num_satellites": 8,
      "dops": {
        "GDOP": 4.324801489031356,
        "PDOP": 3.5558515649063316,
        "HDOP": 1.4279257363997166,
        "VDOP": 3.2565485476151177,
        "TDOP": 2.4616717018889873
      },
      "ls": {
        "converged": true,
        "iterations": 3,
        "position_ecef_m": [
          -1635835.5338998234,
          5034571.755320297,
          3546720.158663106
        ],
        "clock_bias_m": 111.96345612644518,
        "clock_bias_s": 3.734698893807568e-07,
        "enu_error_m": {
          "east": 3.8123085080185866,
          "north": 0.3922859773035191,
          "up": -11.314144178428087
        },
        "position_error_3d_m": 11.945603498298361,
        "residual_rms_m": 4.073299582451714
      },
      "wls": {
        "converged": true,
        "iterations": 3,
        "position_ecef_m": [
          -1635835.3439910389,
          5034572.941006635,
          3546721.1790272873
        ],
        "clock_bias_m": 113.07685352282192,
        "clock_bias_s": 3.771837833319407e-07,
        "enu_error_m": {
          "east": 3.2652972922864856,
          "north": 0.6404459638204341,
          "up": -9.857347743324695
        },
        "position_error_3d_m": 10.403828236395283,
        "weighted_residual_rms_m": 0.17700256897445513
      }
    },
    "B": {
      "case_name": "B",
      "description": "引入低仰角大误差；低仰角星更容易放大真实单通道背景映射出的测量不确定性。",
      "num_satellites": 8,
      "dops": {
        "GDOP": 2.334571724045933,
        "PDOP": 2.1040175018509704,
        "HDOP": 1.1512697647243388,
        "VDOP": 1.7610984006939427,
        "TDOP": 1.0116004579969313
      },
      "ls": {
        "converged": true,
        "iterations": 3,
        "position_ecef_m": [
          -1635810.606046213,
          5034792.067104965,
          3546803.3190888604
        ],
        "clock_bias_m": 256.700316207319,
        "clock_bias_s": 8.562600871277389e-07,
        "enu_error_m": {
          "east": -87.97557462911331,
          "north": -43.524167292547446,
          "up": 202.50977029938352
        },
        "position_error_3d_m": 225.04280023262558,
        "residual_rms_m": 102.13466404478083
      },
      "wls": {
        "converged": true,
        "iterations": 3,
        "position_ecef_m": [
          -1635862.697292568,
          5034636.231887152,
          3546741.2703157472
        ],
        "clock_bias_m": 171.75101985232865,
        "clock_bias_s": 5.728997353640186e-07,
        "enu_error_m": {
          "east": 9.721875284959573,
          "north": -21.089387246192896,
          "up": 58.28753821623353
        },
        "position_error_3d_m": 62.743240470867256,
        "weighted_residual_rms_m": 1.0533224509397854
      }
    }
  },
  "monte_carlo": {
    "based_on_case": "B",
    "num_runs": 120,
    "stats": {
      "LS": {
        "mean_m": 117.16827482098574,
        "std_m": 66.51485535942432,
        "p90_m": 204.45241556130537
      },
      "WLS": {
        "mean_m": 81.62349142804722,
        "std_m": 45.34376223398334,
        "p90_m": 152.72938178504452
      }
    }
  },
  "output_files": {
    "results_dir": "/home/guo/src/nav_ka_github/results_ka_multifreq/wls/25p0GHz",
    "sky_geometry_png": "/home/guo/src/nav_ka_github/results_ka_multifreq/wls/25p0GHz/sky_geometry.png",
    "geometry_3d_png": "/home/guo/src/nav_ka_github/results_ka_multifreq/wls/25p0GHz/geometry_3d.png",
    "legacy_channel_overview_png": "/home/guo/src/nav_ka_github/results_ka_multifreq/wls/25p0GHz/legacy_channel_overview.png",
    "pseudorange_formation_png": "/home/guo/src/nav_ka_github/results_ka_multifreq/wls/25p0GHz/pseudorange_formation.png",
    "ls_vs_wls_residuals_png": "/home/guo/src/nav_ka_github/results_ka_multifreq/wls/25p0GHz/ls_vs_wls_residuals.png",
    "monte_carlo_position_error_png": "/home/guo/src/nav_ka_github/results_ka_multifreq/wls/25p0GHz/monte_carlo_position_error.png",
    "dop_summary_png": "/home/guo/src/nav_ka_github/results_ka_multifreq/wls/25p0GHz/dop_summary.png",
    "satellite_observations_csv": "/home/guo/src/nav_ka_github/results_ka_multifreq/wls/25p0GHz/satellite_observations.csv",
    "summary_json": "/home/guo/src/nav_ka_github/results_ka_multifreq/wls/25p0GHz/summary.json",
    "report_summary_md": "/home/guo/src/nav_ka_github/results_ka_multifreq/wls/25p0GHz/report_summary.md"
  }
}