{
  "receiver_truth": {
    "latitude_deg": 34.0,
    "longitude_deg": 108.0,
    "height_m": 500.0,
    "receiver_clock_bias_m": 120.0,
    "carrier_frequency_hz": 29000000000.0
  },
  "legacy_coupling_level": "real WKB and single-channel receiver reused; multisat geometry and navigation solution added here",
  "real_reused_components": [
    "build_fields_from_csv",
    "compute_real_wkb_series",
    "build_textbook_signal_config",
    "build_navigation_data_model",
    "run_textbook_acquisition",
    "run_textbook_tracking",
    "form_standard_observables"
  ],
  "simplified_components": [
    "多星几何使用静态自洽 az/el 场景，不是真实星历。",
    "所有卫星共享同一真实单通道 WKB/接收机背景，再按仰角映射到多星伪距形成。",
    "对流层、卫星钟差、硬件偏差使用参数化项。",
    "多星伪距方差由旧脚本单通道伪距误差统计映射得到，不是真实多星同步跟踪输出。"
  ],
  "claim_boundary": "本结果代表真实单通道 Ka/WKB 背景耦合下的 hybrid 多星标准伪距/WLS 实验，不代表真实多星端到端 Ka 导航系统。",
  "legacy_channel_metrics": {
    "effective_pseudorange_sigma_100ms_m": 140.62543689542588,
    "effective_pseudorange_sigma_1s_m": 5.435196571841039,
    "effective_pseudorange_rmse_m": 26.252269222204607,
    "effective_pseudorange_bias_m": -24.847258637151047,
    "tau_g_median_m": 0.1425978357416411,
    "tau_g_span_m": 0.029813338168063225
  },
  "experiments": {
    "A": {
      "case_name": "A",
      "description": "几何较好、噪声中等；验证在真实单通道背景映射下 LS/WLS 都能工作。",
      "num_satellites": 8,
      "dops": {
        "GDOP": 4.32480148903137,
        "PDOP": 3.555851564906343,
        "HDOP": 1.4279257363997195,
        "VDOP": 3.2565485476151297,
        "TDOP": 2.461671701888996
      },
      "ls": {
        "converged": true,
        "iterations": 4,
        "position_ecef_m": [
          -1635834.9657487734,
          5034580.636410824,
          3546725.32972013
        ],
        "clock_bias_m": 118.88788300159347,
        "clock_bias_s": 3.9656729123450285e-07,
        "enu_error_m": {
          "east": 0.527556848179717,
          "north": 0.054285530160299245,
          "up": -1.5656798105382073
        },
        "position_error_3d_m": 1.6530627380632164,
        "residual_rms_m": 0.5636736734201856
      },
      "wls": {
        "converged": true,
        "iterations": 4,
        "position_ecef_m": [
          -1635834.9394687256,
          5034580.800488996,
          3546725.4709206466
        ],
        "clock_bias_m": 119.04195762087946,
        "clock_bias_s": 3.9708122884425416e-07,
        "enu_error_m": {
          "east": 0.45186009378964365,
          "north": 0.08862653978250123,
          "up": -1.3640847466220631
        },
        "position_error_3d_m": 1.4397080967614173,
        "weighted_residual_rms_m": 0.1770025686794543
      }
    },
    "B": {
      "case_name": "B",
      "description": "引入低仰角大误差；低仰角星更容易放大真实单通道背景映射出的测量不确定性。",
      "num_satellites": 8,
      "dops": {
        "GDOP": 2.3345717240459307,
        "PDOP": 2.1040175018509686,
        "HDOP": 1.1512697647243384,
        "VDOP": 1.7610984006939414,
        "TDOP": 1.0116004579969304
      },
      "ls": {
        "converged": true,
        "iterations": 4,
        "position_ecef_m": [
          -1635831.5161230094,
          5034611.123913868,
          3546736.837749594
        ],
        "clock_bias_m": 138.91713625664363,
        "clock_bias_s": 4.6337768862965734e-07,
        "enu_error_m": {
          "east": -12.174388770241086,
          "north": -6.023017432882792,
          "up": 28.024005353857575
        },
        "position_error_3d_m": 31.142211819310777,
        "residual_rms_m": 14.133652029980654
      },
      "wls": {
        "converged": true,
        "iterations": 4,
        "position_ecef_m": [
          -1635838.7246906704,
          5034589.558850345,
          3546728.251207504
        ],
        "clock_bias_m": 127.16144901695209,
        "clock_bias_s": 4.2416493685425567e-07,
        "enu_error_m": {
          "east": 1.3453375903298959,
          "north": -2.9184052077469325,
          "up": 8.065986924944214
        },
        "position_error_3d_m": 8.682578376377036,
        "weighted_residual_rms_m": 1.0533224641748131
      }
    }
  },
  "monte_carlo": {
    "based_on_case": "B",
    "num_runs": 120,
    "stats": {
      "LS": {
        "mean_m": 16.587745820737513,
        "std_m": 11.377614835508826,
        "p90_m": 32.86095302259283
      },
      "WLS": {
        "mean_m": 12.552415025650118,
        "std_m": 7.3795163246838715,
        "p90_m": 21.035747815158707
      }
    }
  },
  "output_files": {
    "results_dir": "/Users/guozehao/Documents/ka-Nav/nav_ka_github/corrections/issue_03_textbook_full_correction/corrected_fullstack/wls/29p0GHz",
    "sky_geometry_png": "/Users/guozehao/Documents/ka-Nav/nav_ka_github/corrections/issue_03_textbook_full_correction/corrected_fullstack/wls/29p0GHz/sky_geometry.png",
    "geometry_3d_png": "/Users/guozehao/Documents/ka-Nav/nav_ka_github/corrections/issue_03_textbook_full_correction/corrected_fullstack/wls/29p0GHz/geometry_3d.png",
    "legacy_channel_overview_png": "/Users/guozehao/Documents/ka-Nav/nav_ka_github/corrections/issue_03_textbook_full_correction/corrected_fullstack/wls/29p0GHz/legacy_channel_overview.png",
    "pseudorange_formation_png": "/Users/guozehao/Documents/ka-Nav/nav_ka_github/corrections/issue_03_textbook_full_correction/corrected_fullstack/wls/29p0GHz/pseudorange_formation.png",
    "ls_vs_wls_residuals_png": "/Users/guozehao/Documents/ka-Nav/nav_ka_github/corrections/issue_03_textbook_full_correction/corrected_fullstack/wls/29p0GHz/ls_vs_wls_residuals.png",
    "monte_carlo_position_error_png": "/Users/guozehao/Documents/ka-Nav/nav_ka_github/corrections/issue_03_textbook_full_correction/corrected_fullstack/wls/29p0GHz/monte_carlo_position_error.png",
    "dop_summary_png": "/Users/guozehao/Documents/ka-Nav/nav_ka_github/corrections/issue_03_textbook_full_correction/corrected_fullstack/wls/29p0GHz/dop_summary.png",
    "satellite_observations_csv": "/Users/guozehao/Documents/ka-Nav/nav_ka_github/corrections/issue_03_textbook_full_correction/corrected_fullstack/wls/29p0GHz/satellite_observations.csv",
    "summary_json": "/Users/guozehao/Documents/ka-Nav/nav_ka_github/corrections/issue_03_textbook_full_correction/corrected_fullstack/wls/29p0GHz/summary.json",
    "report_summary_md": "/Users/guozehao/Documents/ka-Nav/nav_ka_github/corrections/issue_03_textbook_full_correction/corrected_fullstack/wls/29p0GHz/report_summary.md"
  }
}