{
  "receiver_truth": {
    "latitude_deg": 34.0,
    "longitude_deg": 108.0,
    "height_m": 500.0,
    "receiver_clock_bias_m": 120.0,
    "carrier_frequency_hz": 30000000000.0
  },
  "legacy_coupling_level": "real WKB and single-channel receiver reused; multisat geometry and navigation solution added here",
  "real_reused_components": [
    "build_fields_from_csv",
    "compute_real_wkb_series",
    "build_textbook_signal_config",
    "build_navigation_data_model",
    "run_textbook_acquisition",
    "run_textbook_tracking",
    "form_standard_observables"
  ],
  "simplified_components": [
    "多星几何使用静态自洽 az/el 场景，不是真实星历。",
    "所有卫星共享同一真实单通道 WKB/接收机背景，再按仰角映射到多星伪距形成。",
    "对流层、卫星钟差、硬件偏差使用参数化项。",
    "多星伪距方差由旧脚本单通道伪距误差统计映射得到，不是真实多星同步跟踪输出。"
  ],
  "claim_boundary": "本结果代表真实单通道 Ka/WKB 背景耦合下的 hybrid 多星标准伪距/WLS 实验，不代表真实多星端到端 Ka 导航系统。",
  "legacy_channel_metrics": {
    "effective_pseudorange_sigma_100ms_m": 138.8365440567469,
    "effective_pseudorange_sigma_1s_m": 6.333487170786658,
    "effective_pseudorange_rmse_m": 27.656592273032988,
    "effective_pseudorange_bias_m": -25.815090125115702,
    "tau_g_median_m": 0.14241125440985955,
    "tau_g_span_m": 0.024174136055817946
  },
  "experiments": {
    "A": {
      "case_name": "A",
      "description": "几何较好、噪声中等；验证在真实单通道背景映射下 LS/WLS 都能工作。",
      "num_satellites": 8,
      "dops": {
        "GDOP": 4.32480148903137,
        "PDOP": 3.555851564906343,
        "HDOP": 1.4279257363997195,
        "VDOP": 3.2565485476151297,
        "TDOP": 2.461671701888996
      },
      "ls": {
        "converged": true,
        "iterations": 4,
        "position_ecef_m": [
          -1635834.9808298424,
          5034580.400670077,
          3546725.192458966
        ],
        "clock_bias_m": 118.70408020800349,
        "clock_bias_s": 3.9595419110911553e-07,
        "enu_error_m": {
          "east": 0.6147476942762454,
          "north": 0.0632574573514697,
          "up": -1.8244442337207123
        },
        "position_error_3d_m": 1.9262691908155751,
        "residual_rms_m": 0.6568336483738705
      },
      "wls": {
        "converged": true,
        "iterations": 4,
        "position_ecef_m": [
          -1635834.950206413,
          5034580.59186593,
          3546725.356996104
        ],
        "clock_bias_m": 118.88361918942044,
        "clock_bias_s": 3.9655306868800696e-07,
        "enu_error_m": {
          "east": 0.52654031429403,
          "north": 0.10327410525970993,
          "up": -1.5895309634580843
        },
        "position_error_3d_m": 1.6776528029321307,
        "weighted_residual_rms_m": 0.17700256884109428
      }
    },
    "B": {
      "case_name": "B",
      "description": "引入低仰角大误差；低仰角星更容易放大真实单通道背景映射出的测量不确定性。",
      "num_satellites": 8,
      "dops": {
        "GDOP": 2.3345717240459307,
        "PDOP": 2.1040175018509686,
        "HDOP": 1.1512697647243384,
        "VDOP": 1.7610984006939414,
        "TDOP": 1.0116004579969304
      },
      "ls": {
        "converged": true,
        "iterations": 4,
        "position_ecef_m": [
          -1635830.9610758834,
          5034615.926924663,
          3546738.602451267
        ],
        "clock_bias_m": 142.04361984357385,
        "clock_bias_s": 4.738065153179199e-07,
        "enu_error_m": {
          "east": -14.186481915910036,
          "north": -7.0184579122361175,
          "up": 32.65560782206906
        },
        "position_error_3d_m": 36.28916839561152,
        "residual_rms_m": 16.46956159695191
      },
      "wls": {
        "converged": true,
        "iterations": 4,
        "position_ecef_m": [
          -1635839.36102284,
          5034590.797746699,
          3546728.5967888935
        ],
        "clock_bias_m": 128.34504203677818,
        "clock_bias_s": 4.2811297820166705e-07,
        "enu_error_m": {
          "east": 1.5676854191084644,
          "north": -3.400738402988793,
          "up": 9.399075607252556
        },
        "position_error_3d_m": 10.117572907061161,
        "weighted_residual_rms_m": 1.0533224637984782
      }
    }
  },
  "monte_carlo": {
    "based_on_case": "B",
    "num_runs": 120,
    "stats": {
      "LS": {
        "mean_m": 19.34895996707251,
        "std_m": 11.793688900065327,
        "p90_m": 33.985909749501154
      },
      "WLS": {
        "mean_m": 13.101579975749793,
        "std_m": 7.088864348334893,
        "p90_m": 22.413995840049054
      }
    }
  },
  "output_files": {
    "results_dir": "/Users/guozehao/Documents/ka-Nav/nav_ka_github/corrections/issue_03_textbook_full_correction/corrected_fullstack/wls/30p0GHz",
    "sky_geometry_png": "/Users/guozehao/Documents/ka-Nav/nav_ka_github/corrections/issue_03_textbook_full_correction/corrected_fullstack/wls/30p0GHz/sky_geometry.png",
    "geometry_3d_png": "/Users/guozehao/Documents/ka-Nav/nav_ka_github/corrections/issue_03_textbook_full_correction/corrected_fullstack/wls/30p0GHz/geometry_3d.png",
    "legacy_channel_overview_png": "/Users/guozehao/Documents/ka-Nav/nav_ka_github/corrections/issue_03_textbook_full_correction/corrected_fullstack/wls/30p0GHz/legacy_channel_overview.png",
    "pseudorange_formation_png": "/Users/guozehao/Documents/ka-Nav/nav_ka_github/corrections/issue_03_textbook_full_correction/corrected_fullstack/wls/30p0GHz/pseudorange_formation.png",
    "ls_vs_wls_residuals_png": "/Users/guozehao/Documents/ka-Nav/nav_ka_github/corrections/issue_03_textbook_full_correction/corrected_fullstack/wls/30p0GHz/ls_vs_wls_residuals.png",
    "monte_carlo_position_error_png": "/Users/guozehao/Documents/ka-Nav/nav_ka_github/corrections/issue_03_textbook_full_correction/corrected_fullstack/wls/30p0GHz/monte_carlo_position_error.png",
    "dop_summary_png": "/Users/guozehao/Documents/ka-Nav/nav_ka_github/corrections/issue_03_textbook_full_correction/corrected_fullstack/wls/30p0GHz/dop_summary.png",
    "satellite_observations_csv": "/Users/guozehao/Documents/ka-Nav/nav_ka_github/corrections/issue_03_textbook_full_correction/corrected_fullstack/wls/30p0GHz/satellite_observations.csv",
    "summary_json": "/Users/guozehao/Documents/ka-Nav/nav_ka_github/corrections/issue_03_textbook_full_correction/corrected_fullstack/wls/30p0GHz/summary.json",
    "report_summary_md": "/Users/guozehao/Documents/ka-Nav/nav_ka_github/corrections/issue_03_textbook_full_correction/corrected_fullstack/wls/30p0GHz/report_summary.md"
  }
}