{
  "receiver_truth": {
    "latitude_deg": 34.0,
    "longitude_deg": 108.0,
    "height_m": 500.0,
    "receiver_clock_bias_m": 120.0,
    "carrier_frequency_hz": 30500000000.0
  },
  "legacy_coupling_level": "real WKB and single-channel receiver reused; multisat geometry and navigation solution added here",
  "real_reused_components": [
    "build_fields_from_csv",
    "compute_real_wkb_series",
    "build_signal_config_from_wkb_time",
    "resample_wkb_to_receiver_time",
    "KaBpskReceiver.run"
  ],
  "simplified_components": [
    "多星几何使用静态自洽 az/el 场景，不是真实星历。",
    "所有卫星共享同一真实单通道 WKB/接收机背景，再按仰角映射到多星伪距形成。",
    "对流层、卫星钟差、硬件偏差使用参数化项。",
    "多星伪距方差由旧脚本单通道伪距误差统计映射得到，不是真实多星同步跟踪输出。"
  ],
  "claim_boundary": "本结果代表真实单通道 Ka/WKB 背景耦合下的 hybrid 多星标准伪距/WLS 实验，不代表真实多星端到端 Ka 导航系统。",
  "legacy_channel_metrics": {
    "effective_pseudorange_sigma_100ms_m": 144.44254129001726,
    "effective_pseudorange_sigma_1s_m": 26.133683228813744,
    "effective_pseudorange_rmse_m": 27.0968232073577,
    "effective_pseudorange_bias_m": -7.557966519899375,
    "tau_g_median_m": 0.14232866636866642,
    "tau_g_span_m": 0.02179152687690525
  },
  "experiments": {
    "A": {
      "case_name": "A",
      "description": "几何较好、噪声中等；验证在真实单通道背景映射下 LS/WLS 都能工作。",
      "num_satellites": 8,
      "dops": {
        "GDOP": 4.324801489031356,
        "PDOP": 3.5558515649063316,
        "HDOP": 1.4279257363997166,
        "VDOP": 3.2565485476151177,
        "TDOP": 2.4616717018889873
      },
      "ls": {
        "converged": true,
        "iterations": 3,
        "position_ecef_m": [
          -1635835.313248111,
          5034575.20445164,
          3546722.1669361745
        ],
        "clock_bias_m": 114.65268223700373,
        "clock_bias_s": 3.8244018212427387e-07,
        "enu_error_m": {
          "east": 2.5366160580353885,
          "north": 0.26101743083419787,
          "up": -7.528152596046865
        },
        "position_error_3d_m": 7.9483100489632035,
        "residual_rms_m": 2.7102735035720733
      },
      "wls": {
        "converged": true,
        "iterations": 3,
        "position_ecef_m": [
          -1635835.1868875008,
          5034575.993377919,
          3546722.8458612435
        ],
        "clock_bias_m": 115.39350918909817,
        "clock_bias_s": 3.8491131484401176e-07,
        "enu_error_m": {
          "east": 2.1726483487974115,
          "north": 0.42613697673558926,
          "up": -6.558836358002232
        },
        "position_error_3d_m": 6.922451006798491,
        "weighted_residual_rms_m": 0.17700256903602607
      }
    },
    "B": {
      "case_name": "B",
      "description": "引入低仰角大误差；低仰角星更容易放大真实单通道背景映射出的测量不确定性。",
      "num_satellites": 8,
      "dops": {
        "GDOP": 2.334571724045933,
        "PDOP": 2.1040175018509704,
        "HDOP": 1.1512697647243388,
        "VDOP": 1.7610984006939427,
        "TDOP": 1.0116004579969313
      },
      "ls": {
        "converged": true,
        "iterations": 3,
        "position_ecef_m": [
          -1635818.7267820325,
          5034721.794859954,
          3546777.499982625
        ],
        "clock_bias_m": 210.95739687399904,
        "clock_bias_s": 7.036781321363296e-07,
        "enu_error_m": {
          "east": -58.53697796954302,
          "north": -28.959970221437587,
          "up": 134.7453680931187
        },
        "position_error_3d_m": 149.73834474703992,
        "residual_rms_m": 67.95788671730625
      },
      "wls": {
        "converged": true,
        "iterations": 3,
        "position_ecef_m": [
          -1635853.3871057373,
          5034618.105587517,
          3546736.2141161393
        ],
        "clock_bias_m": 154.43387583812782,
        "clock_bias_s": 5.151359606188886e-07,
        "enu_error_m": {
          "east": 6.468696064313275,
          "north": -14.032363215109536,
          "up": 38.78311029448773
        },
        "position_error_3d_m": 41.74782497672928,
        "weighted_residual_rms_m": 1.0533224560559016
      }
    }
  },
  "monte_carlo": {
    "based_on_case": "B",
    "num_runs": 120,
    "stats": {
      "LS": {
        "mean_m": 73.70919226296219,
        "std_m": 47.68337507664582,
        "p90_m": 131.94692502955863
      },
      "WLS": {
        "mean_m": 57.504480739959384,
        "std_m": 35.81274410274936,
        "p90_m": 110.54764407612261
      }
    }
  },
  "output_files": {
    "results_dir": "/home/guo/src/nav_ka_github/results_ka_multifreq/wls/30p5GHz",
    "sky_geometry_png": "/home/guo/src/nav_ka_github/results_ka_multifreq/wls/30p5GHz/sky_geometry.png",
    "geometry_3d_png": "/home/guo/src/nav_ka_github/results_ka_multifreq/wls/30p5GHz/geometry_3d.png",
    "legacy_channel_overview_png": "/home/guo/src/nav_ka_github/results_ka_multifreq/wls/30p5GHz/legacy_channel_overview.png",
    "pseudorange_formation_png": "/home/guo/src/nav_ka_github/results_ka_multifreq/wls/30p5GHz/pseudorange_formation.png",
    "ls_vs_wls_residuals_png": "/home/guo/src/nav_ka_github/results_ka_multifreq/wls/30p5GHz/ls_vs_wls_residuals.png",
    "monte_carlo_position_error_png": "/home/guo/src/nav_ka_github/results_ka_multifreq/wls/30p5GHz/monte_carlo_position_error.png",
    "dop_summary_png": "/home/guo/src/nav_ka_github/results_ka_multifreq/wls/30p5GHz/dop_summary.png",
    "satellite_observations_csv": "/home/guo/src/nav_ka_github/results_ka_multifreq/wls/30p5GHz/satellite_observations.csv",
    "summary_json": "/home/guo/src/nav_ka_github/results_ka_multifreq/wls/30p5GHz/summary.json",
    "report_summary_md": "/home/guo/src/nav_ka_github/results_ka_multifreq/wls/30p5GHz/report_summary.md"
  }
}