{
  "receiver_truth": {
    "latitude_deg": 34.0,
    "longitude_deg": 108.0,
    "height_m": 500.0,
    "receiver_clock_bias_m": 120.0,
    "carrier_frequency_hz": 25000000000.0
  },
  "legacy_coupling_level": "real WKB and single-channel receiver reused; multisat geometry and navigation solution added here",
  "real_reused_components": [
    "build_fields_from_csv",
    "compute_real_wkb_series",
    "build_signal_config_from_wkb_time",
    "resample_wkb_to_receiver_time",
    "KaBpskReceiver.run"
  ],
  "simplified_components": [
    "多星几何使用静态自洽 az/el 场景，不是真实星历。",
    "所有卫星共享同一真实单通道 WKB/接收机背景，再按仰角映射到多星伪距形成。",
    "对流层、卫星钟差、硬件偏差使用参数化项。",
    "多星伪距方差由旧脚本单通道伪距误差统计映射得到，不是真实多星同步跟踪输出。"
  ],
  "claim_boundary": "本结果代表真实单通道 Ka/WKB 背景耦合下的 hybrid 多星标准伪距/WLS 实验，不代表真实多星端到端 Ka 导航系统。",
  "legacy_channel_metrics": {
    "effective_pseudorange_sigma_100ms_m": 149.8245570740939,
    "effective_pseudorange_sigma_1s_m": 8.09926980162491,
    "effective_pseudorange_rmse_m": 20.121880967876617,
    "effective_pseudorange_bias_m": -17.29149822086733,
    "tau_g_median_m": 0.14361335547710524,
    "tau_g_span_m": 0.031521221469752
  },
  "experiments": {
    "A": {
      "case_name": "A",
      "description": "几何较好、噪声中等；验证在真实单通道背景映射下 LS/WLS 都能工作。",
      "num_satellites": 8,
      "dops": {
        "GDOP": 4.32480148903137,
        "PDOP": 3.555851564906343,
        "HDOP": 1.4279257363997195,
        "VDOP": 3.2565485476151297,
        "TDOP": 2.461671701888996
      },
      "ls": {
        "converged": true,
        "iterations": 4,
        "position_ecef_m": [
          -1635835.0104749175,
          5034579.9372711005,
          3546724.9226427213
        ],
        "clock_bias_m": 118.34277640728497,
        "clock_bias_s": 3.9474901135533225e-07,
        "enu_error_m": {
          "east": 0.7861399949545282,
          "north": 0.08089370324003986,
          "up": -2.333101180548442
        },
        "position_error_3d_m": 2.4633150431009687,
        "residual_rms_m": 0.8399595336357869
      },
      "wls": {
        "converged": true,
        "iterations": 4,
        "position_ecef_m": [
          -1635834.9713136402,
          5034580.181772563,
          3546725.1330529824
        ],
        "clock_bias_m": 118.57237105253904,
        "clock_bias_s": 3.955148566563974e-07,
        "enu_error_m": {
          "east": 0.6733403000811394,
          "north": 0.13206702932344538,
          "up": -2.032693843504909
        },
        "position_error_3d_m": 2.1453841430779796,
        "weighted_residual_rms_m": 0.1770025691379915
      }
    },
    "B": {
      "case_name": "B",
      "description": "引入低仰角大误差；低仰角星更容易放大真实单通道背景映射出的测量不确定性。",
      "num_satellites": 8,
      "dops": {
        "GDOP": 2.3345717240459307,
        "PDOP": 2.1040175018509686,
        "HDOP": 1.1512697647243384,
        "VDOP": 1.7610984006939414,
        "TDOP": 1.0116004579969304
      },
      "ls": {
        "converged": true,
        "iterations": 4,
        "position_ecef_m": [
          -1635829.870013007,
          5034625.3682665145,
          3546742.0713485465
        ],
        "clock_bias_m": 148.18938820764896,
        "clock_bias_s": 4.943065919545213e-07,
        "enu_error_m": {
          "east": -18.14167945611543,
          "north": -8.975208652492277,
          "up": 41.76001013395485
        },
        "position_error_3d_m": 46.40660890683809,
        "residual_rms_m": 21.061292461631
      },
      "wls": {
        "converged": true,
        "iterations": 4,
        "position_ecef_m": [
          -1635840.611870018,
          5034593.233062706,
          3546729.276103075
        ],
        "clock_bias_m": 130.6716474344621,
        "clock_bias_s": 4.3587369844528275e-07,
        "enu_error_m": {
          "east": 2.004757745949081,
          "north": -4.348867586316892,
          "up": 12.019546806357912
        },
        "position_error_3d_m": 12.93836188756093,
        "weighted_residual_rms_m": 1.0533224630749438
      }
    }
  },
  "monte_carlo": {
    "based_on_case": "B",
    "num_runs": 120,
    "stats": {
      "LS": {
        "mean_m": 24.16140607457571,
        "std_m": 13.716118199644857,
        "p90_m": 42.16023857038952
      },
      "WLS": {
        "mean_m": 16.831669481752815,
        "std_m": 9.35038350763426,
        "p90_m": 31.494445087403
      }
    }
  },
  "output_files": {
    "results_dir": "/Users/guozehao/Documents/ka-Nav/nav_ka_github/corrections/issue_01_truth_dependency/corrected_fullstack/wls/25p0GHz",
    "sky_geometry_png": "/Users/guozehao/Documents/ka-Nav/nav_ka_github/corrections/issue_01_truth_dependency/corrected_fullstack/wls/25p0GHz/sky_geometry.png",
    "geometry_3d_png": "/Users/guozehao/Documents/ka-Nav/nav_ka_github/corrections/issue_01_truth_dependency/corrected_fullstack/wls/25p0GHz/geometry_3d.png",
    "legacy_channel_overview_png": "/Users/guozehao/Documents/ka-Nav/nav_ka_github/corrections/issue_01_truth_dependency/corrected_fullstack/wls/25p0GHz/legacy_channel_overview.png",
    "pseudorange_formation_png": "/Users/guozehao/Documents/ka-Nav/nav_ka_github/corrections/issue_01_truth_dependency/corrected_fullstack/wls/25p0GHz/pseudorange_formation.png",
    "ls_vs_wls_residuals_png": "/Users/guozehao/Documents/ka-Nav/nav_ka_github/corrections/issue_01_truth_dependency/corrected_fullstack/wls/25p0GHz/ls_vs_wls_residuals.png",
    "monte_carlo_position_error_png": "/Users/guozehao/Documents/ka-Nav/nav_ka_github/corrections/issue_01_truth_dependency/corrected_fullstack/wls/25p0GHz/monte_carlo_position_error.png",
    "dop_summary_png": "/Users/guozehao/Documents/ka-Nav/nav_ka_github/corrections/issue_01_truth_dependency/corrected_fullstack/wls/25p0GHz/dop_summary.png",
    "satellite_observations_csv": "/Users/guozehao/Documents/ka-Nav/nav_ka_github/corrections/issue_01_truth_dependency/corrected_fullstack/wls/25p0GHz/satellite_observations.csv",
    "summary_json": "/Users/guozehao/Documents/ka-Nav/nav_ka_github/corrections/issue_01_truth_dependency/corrected_fullstack/wls/25p0GHz/summary.json",
    "report_summary_md": "/Users/guozehao/Documents/ka-Nav/nav_ka_github/corrections/issue_01_truth_dependency/corrected_fullstack/wls/25p0GHz/report_summary.md"
  }
}