{
  "receiver_truth": {
    "latitude_deg": 34.0,
    "longitude_deg": 108.0,
    "height_m": 500.0,
    "receiver_clock_bias_m": 120.0,
    "carrier_frequency_hz": 29000000000.0
  },
  "legacy_coupling_level": "real WKB and single-channel receiver reused; multisat geometry and navigation solution added here",
  "real_reused_components": [
    "build_fields_from_csv",
    "compute_real_wkb_series",
    "build_signal_config_from_wkb_time",
    "resample_wkb_to_receiver_time",
    "KaBpskReceiver.run"
  ],
  "simplified_components": [
    "多星几何使用静态自洽 az/el 场景，不是真实星历。",
    "所有卫星共享同一真实单通道 WKB/接收机背景，再按仰角映射到多星伪距形成。",
    "对流层、卫星钟差、硬件偏差使用参数化项。",
    "多星伪距方差由旧脚本单通道伪距误差统计映射得到，不是真实多星同步跟踪输出。"
  ],
  "claim_boundary": "本结果代表真实单通道 Ka/WKB 背景耦合下的 hybrid 多星标准伪距/WLS 实验，不代表真实多星端到端 Ka 导航系统。",
  "legacy_channel_metrics": {
    "effective_pseudorange_sigma_100ms_m": 149.67968997399038,
    "effective_pseudorange_sigma_1s_m": 4.648003175435766,
    "effective_pseudorange_rmse_m": 17.078303959046476,
    "effective_pseudorange_bias_m": -15.344137740463676,
    "tau_g_median_m": 0.1425978357416411,
    "tau_g_span_m": 0.029813338168063225
  },
  "experiments": {
    "A": {
      "case_name": "A",
      "description": "几何较好、噪声中等；验证在真实单通道背景映射下 LS/WLS 都能工作。",
      "num_satellites": 8,
      "dops": {
        "GDOP": 4.32480148903137,
        "PDOP": 3.555851564906343,
        "HDOP": 1.4279257363997195,
        "VDOP": 3.2565485476151297,
        "TDOP": 2.461671701888996
      },
      "ls": {
        "converged": true,
        "iterations": 4,
        "position_ecef_m": [
          -1635834.9525328781,
          5034580.842996043,
          3546725.4500053558
        ],
        "clock_bias_m": 119.04895375909915,
        "clock_bias_s": 3.971045654494055e-07,
        "enu_error_m": {
          "east": 0.45114944136049373,
          "north": 0.04642322085853334,
          "up": -1.338918393149578
        },
        "position_error_3d_m": 1.4136454284540425,
        "residual_rms_m": 0.4820353773763119
      },
      "wls": {
        "converged": true,
        "iterations": 4,
        "position_ecef_m": [
          -1635834.9300590337,
          5034580.983310348,
          3546725.570755435
        ],
        "clock_bias_m": 119.18071335194662,
        "clock_bias_s": 3.9754406814312394e-07,
        "enu_error_m": {
          "east": 0.38641604027313,
          "north": 0.07579053364443694,
          "up": -1.1665208661168245
        },
        "position_error_3d_m": 1.2311914929272456,
        "weighted_residual_rms_m": 0.17700256895481412
      }
    },
    "B": {
      "case_name": "B",
      "description": "引入低仰角大误差；低仰角星更容易放大真实单通道背景映射出的测量不确定性。",
      "num_satellites": 8,
      "dops": {
        "GDOP": 2.3345717240459307,
        "PDOP": 2.1040175018509686,
        "HDOP": 1.1512697647243384,
        "VDOP": 1.7610984006939414,
        "TDOP": 1.0116004579969304
      },
      "ls": {
        "converged": true,
        "iterations": 4,
        "position_ecef_m": [
          -1635832.0025243135,
          5034606.914919997,
          3546735.2912990362
        ],
        "clock_bias_m": 136.1773229896581,
        "clock_bias_s": 4.5423865529551816e-07,
        "enu_error_m": {
          "east": -10.411143004833006,
          "north": -5.1506890611808265,
          "up": 23.96522073890173
        },
        "position_error_3d_m": 26.63180995607202,
        "residual_rms_m": 12.086639011359226
      },
      "wls": {
        "converged": true,
        "iterations": 4,
        "position_ecef_m": [
          -1635838.1670576525,
          5034588.473176001,
          3546727.948366305
        ],
        "clock_bias_m": 126.124238269261,
        "clock_bias_s": 4.2070517420842186e-07,
        "enu_error_m": {
          "east": 1.1504888977924415,
          "north": -2.4957251612922304,
          "up": 6.897769598290095
        },
        "position_error_3d_m": 7.425058532816148,
        "weighted_residual_rms_m": 1.0533224644287826
      }
    }
  },
  "monte_carlo": {
    "based_on_case": "B",
    "num_runs": 120,
    "stats": {
      "LS": {
        "mean_m": 14.185300286577522,
        "std_m": 9.729766050740487,
        "p90_m": 28.101617863780447
      },
      "WLS": {
        "mean_m": 10.734416730014617,
        "std_m": 6.310722266382477,
        "p90_m": 17.989085972360456
      }
    }
  },
  "output_files": {
    "results_dir": "/Users/guozehao/Documents/ka-Nav/nav_ka_github/corrections/issue_01_truth_dependency/corrected_fullstack/wls/29p0GHz",
    "sky_geometry_png": "/Users/guozehao/Documents/ka-Nav/nav_ka_github/corrections/issue_01_truth_dependency/corrected_fullstack/wls/29p0GHz/sky_geometry.png",
    "geometry_3d_png": "/Users/guozehao/Documents/ka-Nav/nav_ka_github/corrections/issue_01_truth_dependency/corrected_fullstack/wls/29p0GHz/geometry_3d.png",
    "legacy_channel_overview_png": "/Users/guozehao/Documents/ka-Nav/nav_ka_github/corrections/issue_01_truth_dependency/corrected_fullstack/wls/29p0GHz/legacy_channel_overview.png",
    "pseudorange_formation_png": "/Users/guozehao/Documents/ka-Nav/nav_ka_github/corrections/issue_01_truth_dependency/corrected_fullstack/wls/29p0GHz/pseudorange_formation.png",
    "ls_vs_wls_residuals_png": "/Users/guozehao/Documents/ka-Nav/nav_ka_github/corrections/issue_01_truth_dependency/corrected_fullstack/wls/29p0GHz/ls_vs_wls_residuals.png",
    "monte_carlo_position_error_png": "/Users/guozehao/Documents/ka-Nav/nav_ka_github/corrections/issue_01_truth_dependency/corrected_fullstack/wls/29p0GHz/monte_carlo_position_error.png",
    "dop_summary_png": "/Users/guozehao/Documents/ka-Nav/nav_ka_github/corrections/issue_01_truth_dependency/corrected_fullstack/wls/29p0GHz/dop_summary.png",
    "satellite_observations_csv": "/Users/guozehao/Documents/ka-Nav/nav_ka_github/corrections/issue_01_truth_dependency/corrected_fullstack/wls/29p0GHz/satellite_observations.csv",
    "summary_json": "/Users/guozehao/Documents/ka-Nav/nav_ka_github/corrections/issue_01_truth_dependency/corrected_fullstack/wls/29p0GHz/summary.json",
    "report_summary_md": "/Users/guozehao/Documents/ka-Nav/nav_ka_github/corrections/issue_01_truth_dependency/corrected_fullstack/wls/29p0GHz/report_summary.md"
  }
}