{
  "receiver_truth": {
    "latitude_deg": 34.0,
    "longitude_deg": 108.0,
    "height_m": 500.0,
    "receiver_clock_bias_m": 120.0,
    "carrier_frequency_hz": 30000000000.0
  },
  "legacy_coupling_level": "real WKB and single-channel receiver reused; multisat geometry and navigation solution added here",
  "real_reused_components": [
    "build_fields_from_csv",
    "compute_real_wkb_series",
    "build_signal_config_from_wkb_time",
    "resample_wkb_to_receiver_time",
    "KaBpskReceiver.run"
  ],
  "simplified_components": [
    "多星几何使用静态自洽 az/el 场景，不是真实星历。",
    "所有卫星共享同一真实单通道 WKB/接收机背景，再按仰角映射到多星伪距形成。",
    "对流层、卫星钟差、硬件偏差使用参数化项。",
    "多星伪距方差由旧脚本单通道伪距误差统计映射得到，不是真实多星同步跟踪输出。"
  ],
  "claim_boundary": "本结果代表真实单通道 Ka/WKB 背景耦合下的 hybrid 多星标准伪距/WLS 实验，不代表真实多星端到端 Ka 导航系统。",
  "legacy_channel_metrics": {
    "effective_pseudorange_sigma_100ms_m": 149.9213341960302,
    "effective_pseudorange_sigma_1s_m": 5.08822868292426,
    "effective_pseudorange_rmse_m": 16.273189600878304,
    "effective_pseudorange_bias_m": -14.469574996493497,
    "tau_g_median_m": 0.14241125440985955,
    "tau_g_span_m": 0.024174136055817946
  },
  "experiments": {
    "A": {
      "case_name": "A",
      "description": "几何较好、噪声中等；验证在真实单通道背景映射下 LS/WLS 都能工作。",
      "num_satellites": 8,
      "dops": {
        "GDOP": 4.32480148903137,
        "PDOP": 3.555851564906343,
        "HDOP": 1.4279257363997195,
        "VDOP": 3.2565485476151297,
        "TDOP": 2.461671701888996
      },
      "ls": {
        "converged": true,
        "iterations": 4,
        "position_ecef_m": [
          -1635834.9599236567,
          5034580.7274665255,
          3546725.38273775
        ],
        "clock_bias_m": 118.95887748667965,
        "clock_bias_s": 3.968041033463212e-07,
        "enu_error_m": {
          "east": 0.49387907372827455,
          "north": 0.05082009759564754,
          "up": -1.4657311283363796
        },
        "position_error_3d_m": 1.547535770947013,
        "residual_rms_m": 0.5276903099281222
      },
      "wls": {
        "converged": true,
        "iterations": 4,
        "position_ecef_m": [
          -1635834.9353212535,
          5034580.8810703885,
          3546725.514924404
        ],
        "clock_bias_m": 119.10311639501172,
        "clock_bias_s": 3.9728523255582275e-07,
        "enu_error_m": {
          "east": 0.42301459382124557,
          "north": 0.0829688691279018,
          "up": -1.2770053525672664
        },
        "position_error_3d_m": 1.3478011167511195,
        "weighted_residual_rms_m": 0.1770025691362966
      }
    },
    "B": {
      "case_name": "B",
      "description": "引入低仰角大误差；低仰角星更容易放大真实单通道背景映射出的测量不确定性。",
      "num_satellites": 8,
      "dops": {
        "GDOP": 2.3345717240459307,
        "PDOP": 2.1040175018509686,
        "HDOP": 1.1512697647243384,
        "VDOP": 1.7610984006939414,
        "TDOP": 1.0116004579969304
      },
      "ls": {
        "converged": true,
        "iterations": 4,
        "position_ecef_m": [
          -1635831.7305120095,
          5034609.268733676,
          3546736.1561272116
        ],
        "clock_bias_m": 137.70952056353963,
        "clock_bias_s": 4.593495162694841e-07,
        "enu_error_m": {
          "east": -11.397210507501343,
          "north": -5.638524988605544,
          "up": 26.23503224866668
        },
        "position_error_3d_m": 29.15418132083301,
        "residual_rms_m": 13.231398792768443
      },
      "wls": {
        "converged": true,
        "iterations": 4,
        "position_ecef_m": [
          -1635838.4789051327,
          5034589.080322285,
          3546728.1177254757
        ],
        "clock_bias_m": 126.70428205164666,
        "clock_bias_s": 4.2263999200288976e-07,
        "enu_error_m": {
          "east": 1.2594549559759942,
          "north": -2.7321023232502357,
          "up": 7.551076743501328
        },
        "position_error_3d_m": 8.12830670417206,
        "weighted_residual_rms_m": 1.0533224643406707
      }
    }
  },
  "monte_carlo": {
    "based_on_case": "B",
    "num_runs": 120,
    "stats": {
      "LS": {
        "mean_m": 15.544664545959028,
        "std_m": 9.474872824352824,
        "p90_m": 27.303772773538835
      },
      "WLS": {
        "mean_m": 10.525613067334264,
        "std_m": 5.695087387337118,
        "p90_m": 18.00707032068977
      }
    }
  },
  "output_files": {
    "results_dir": "/Users/guozehao/Documents/ka-Nav/nav_ka_github/corrections/issue_01_truth_dependency/corrected_fullstack/wls/30p0GHz",
    "sky_geometry_png": "/Users/guozehao/Documents/ka-Nav/nav_ka_github/corrections/issue_01_truth_dependency/corrected_fullstack/wls/30p0GHz/sky_geometry.png",
    "geometry_3d_png": "/Users/guozehao/Documents/ka-Nav/nav_ka_github/corrections/issue_01_truth_dependency/corrected_fullstack/wls/30p0GHz/geometry_3d.png",
    "legacy_channel_overview_png": "/Users/guozehao/Documents/ka-Nav/nav_ka_github/corrections/issue_01_truth_dependency/corrected_fullstack/wls/30p0GHz/legacy_channel_overview.png",
    "pseudorange_formation_png": "/Users/guozehao/Documents/ka-Nav/nav_ka_github/corrections/issue_01_truth_dependency/corrected_fullstack/wls/30p0GHz/pseudorange_formation.png",
    "ls_vs_wls_residuals_png": "/Users/guozehao/Documents/ka-Nav/nav_ka_github/corrections/issue_01_truth_dependency/corrected_fullstack/wls/30p0GHz/ls_vs_wls_residuals.png",
    "monte_carlo_position_error_png": "/Users/guozehao/Documents/ka-Nav/nav_ka_github/corrections/issue_01_truth_dependency/corrected_fullstack/wls/30p0GHz/monte_carlo_position_error.png",
    "dop_summary_png": "/Users/guozehao/Documents/ka-Nav/nav_ka_github/corrections/issue_01_truth_dependency/corrected_fullstack/wls/30p0GHz/dop_summary.png",
    "satellite_observations_csv": "/Users/guozehao/Documents/ka-Nav/nav_ka_github/corrections/issue_01_truth_dependency/corrected_fullstack/wls/30p0GHz/satellite_observations.csv",
    "summary_json": "/Users/guozehao/Documents/ka-Nav/nav_ka_github/corrections/issue_01_truth_dependency/corrected_fullstack/wls/30p0GHz/summary.json",
    "report_summary_md": "/Users/guozehao/Documents/ka-Nav/nav_ka_github/corrections/issue_01_truth_dependency/corrected_fullstack/wls/30p0GHz/report_summary.md"
  }
}