{
  "receiver_truth": {
    "latitude_deg": 34.0,
    "longitude_deg": 108.0,
    "height_m": 500.0,
    "receiver_clock_bias_m": 120.0,
    "carrier_frequency_hz": 23000000000.0
  },
  "legacy_coupling_level": "real WKB and single-channel receiver reused; multisat geometry and navigation solution added here",
  "real_reused_components": [
    "build_fields_from_csv",
    "compute_real_wkb_series",
    "build_signal_config_from_wkb_time",
    "resample_wkb_to_receiver_time",
    "KaBpskReceiver.run"
  ],
  "simplified_components": [
    "多星几何使用静态自洽 az/el 场景，不是真实星历。",
    "所有卫星共享同一真实单通道 WKB/接收机背景，再按仰角映射到多星伪距形成。",
    "对流层、卫星钟差、硬件偏差使用参数化项。",
    "多星伪距方差由旧脚本单通道伪距误差统计映射得到，不是真实多星同步跟踪输出。"
  ],
  "claim_boundary": "本结果代表真实单通道 Ka/WKB 背景耦合下的 hybrid 多星标准伪距/WLS 实验，不代表真实多星端到端 Ka 导航系统。",
  "legacy_channel_metrics": {
    "effective_pseudorange_sigma_100ms_m": 2007.48086515777,
    "effective_pseudorange_sigma_1s_m": 1694.9525447609208,
    "effective_pseudorange_rmse_m": 1796.2069168995463,
    "effective_pseudorange_bias_m": -936.0318590001349,
    "tau_g_median_m": 0.14438201067253936,
    "tau_g_span_m": 0.03784514143232984
  },
  "experiments": {
    "A": {
      "case_name": "A",
      "description": "几何较好、噪声中等；验证在真实单通道背景映射下 LS/WLS 都能工作。",
      "num_satellites": 8,
      "dops": {
        "GDOP": 4.32480148903137,
        "PDOP": 3.555851564906343,
        "HDOP": 1.4279257363997195,
        "VDOP": 3.2565485476151297,
        "TDOP": 2.461671701888996
      },
      "ls": {
        "converged": true,
        "iterations": 4,
        "position_ecef_m": [
          -1635863.3312337452,
          5034137.243883372,
          3546467.1622283002
        ],
        "clock_bias_m": -226.82054535212637,
        "clock_bias_s": -7.565918998273345e-07,
        "enu_error_m": {
          "east": 164.52056232991657,
          "north": 16.928987637138107,
          "up": -488.2622244431899
        },
        "position_error_3d_m": 515.5129541243191,
        "residual_rms_m": 175.78020739210388
      },
      "wls": {
        "converged": true,
        "iterations": 4,
        "position_ecef_m": [
          -1635855.1356041594,
          5034188.413627322,
          3546511.196880132
        ],
        "clock_bias_m": -178.77000781992464,
        "clock_bias_s": -5.963125590701973e-07,
        "enu_error_m": {
          "east": 140.91373492900658,
          "north": 27.638273490651187,
          "up": -425.3925934701846
        },
        "position_error_3d_m": 448.975960862579,
        "weighted_residual_rms_m": 0.17700256186858343
      }
    },
    "B": {
      "case_name": "B",
      "description": "引入低仰角大误差；低仰角星更容易放大真实单通道背景映射出的测量不确定性。",
      "num_satellites": 8,
      "dops": {
        "GDOP": 2.3345717240459307,
        "PDOP": 2.1040175018509686,
        "HDOP": 1.1512697647243384,
        "VDOP": 1.7610984006939414,
        "TDOP": 1.0116004579969304
      },
      "ls": {
        "converged": true,
        "iterations": 5,
        "position_ecef_m": [
          -1634788.2784815738,
          5043641.714607107,
          3550054.7324498696
        ],
        "clock_bias_m": 6016.229422191004,
        "clock_bias_s": 2.0067981237176435e-05,
        "enu_error_m": {
          "east": -3794.958339157064,
          "north": -1877.7774285288888,
          "up": 8736.377425873803
        },
        "position_error_3d_m": 9708.34936507477,
        "residual_rms_m": 4407.629867838156
      },
      "wls": {
        "converged": true,
        "iterations": 5,
        "position_ecef_m": [
          -1637035.5209174138,
          5036919.585702713,
          3547378.1807648735
        ],
        "clock_bias_m": 2353.1279549564038,
        "clock_bias_s": 7.849189971805108e-06,
        "enu_error_m": {
          "east": 419.54829298056256,
          "north": -910.0732308433414,
          "up": 2515.2419243238433
        },
        "position_error_3d_m": 2707.525806620659,
        "weighted_residual_rms_m": 1.05332180573384
      }
    }
  },
  "monte_carlo": {
    "based_on_case": "B",
    "num_runs": 120,
    "stats": {
      "LS": {
        "mean_m": 5287.553095285384,
        "std_m": 3585.463685648738,
        "p90_m": 9618.627379487029
      },
      "WLS": {
        "mean_m": 3794.0361115243813,
        "std_m": 2342.4846825400928,
        "p90_m": 6681.652760884118
      }
    }
  },
  "output_files": {
    "results_dir": "/Users/guozehao/Documents/ka-Nav/nav_ka_github/corrections/issue_01_truth_dependency/corrected_fullstack/wls/23p0GHz",
    "sky_geometry_png": "/Users/guozehao/Documents/ka-Nav/nav_ka_github/corrections/issue_01_truth_dependency/corrected_fullstack/wls/23p0GHz/sky_geometry.png",
    "geometry_3d_png": "/Users/guozehao/Documents/ka-Nav/nav_ka_github/corrections/issue_01_truth_dependency/corrected_fullstack/wls/23p0GHz/geometry_3d.png",
    "legacy_channel_overview_png": "/Users/guozehao/Documents/ka-Nav/nav_ka_github/corrections/issue_01_truth_dependency/corrected_fullstack/wls/23p0GHz/legacy_channel_overview.png",
    "pseudorange_formation_png": "/Users/guozehao/Documents/ka-Nav/nav_ka_github/corrections/issue_01_truth_dependency/corrected_fullstack/wls/23p0GHz/pseudorange_formation.png",
    "ls_vs_wls_residuals_png": "/Users/guozehao/Documents/ka-Nav/nav_ka_github/corrections/issue_01_truth_dependency/corrected_fullstack/wls/23p0GHz/ls_vs_wls_residuals.png",
    "monte_carlo_position_error_png": "/Users/guozehao/Documents/ka-Nav/nav_ka_github/corrections/issue_01_truth_dependency/corrected_fullstack/wls/23p0GHz/monte_carlo_position_error.png",
    "dop_summary_png": "/Users/guozehao/Documents/ka-Nav/nav_ka_github/corrections/issue_01_truth_dependency/corrected_fullstack/wls/23p0GHz/dop_summary.png",
    "satellite_observations_csv": "/Users/guozehao/Documents/ka-Nav/nav_ka_github/corrections/issue_01_truth_dependency/corrected_fullstack/wls/23p0GHz/satellite_observations.csv",
    "summary_json": "/Users/guozehao/Documents/ka-Nav/nav_ka_github/corrections/issue_01_truth_dependency/corrected_fullstack/wls/23p0GHz/summary.json",
    "report_summary_md": "/Users/guozehao/Documents/ka-Nav/nav_ka_github/corrections/issue_01_truth_dependency/corrected_fullstack/wls/23p0GHz/report_summary.md"
  }
}