frequency_hz,amplitude_median,attenuation_db_median,phase_rad_median,group_delay_ns_median,receiver_tau_rmse_ns,receiver_fd_rmse_hz
19000000000.0,0.8715066214703807,-1.1945861778718492,-53.3582576571016,0.48941421306621397,1008.0687857374492,112.48373808689078
20000000000.0,0.8848822300886963,-1.0622907763892775,-56.43247339583892,0.48753324020579897,692.7509400407216,111.32914772258682
22500000000.0,0.912109178984261,-0.7990636830407809,-64.03847006970109,0.4815307695802869,629.6740337532789,102.63392101342072
