{
  "receiver_truth": {
    "latitude_deg": 34.0,
    "longitude_deg": 108.0,
    "height_m": 500.0,
    "receiver_clock_bias_m": 120.0,
    "carrier_frequency_hz": 19500000000.0
  },
  "legacy_coupling_level": "real WKB and single-channel receiver reused; multisat geometry and navigation solution added here",
  "real_reused_components": [
    "build_fields_from_csv",
    "compute_real_wkb_series",
    "build_textbook_signal_config",
    "build_navigation_data_model",
    "run_textbook_acquisition",
    "run_textbook_tracking",
    "form_standard_observables"
  ],
  "simplified_components": [
    "多星几何使用静态自洽 az/el 场景，不是真实星历。",
    "所有卫星共享同一真实单通道 WKB/接收机背景，再按仰角映射到多星伪距形成。",
    "对流层、卫星钟差、硬件偏差使用参数化项。",
    "多星伪距方差由旧脚本单通道伪距误差统计映射得到，不是真实多星同步跟踪输出。"
  ],
  "claim_boundary": "本结果代表真实单通道 Ka/WKB 背景耦合下的 hybrid 多星标准伪距/WLS 实验，不代表真实多星端到端 Ka 导航系统。",
  "legacy_channel_metrics": {
    "effective_pseudorange_sigma_100ms_m": 2475.54041584435,
    "effective_pseudorange_sigma_1s_m": 2316.266186237503,
    "effective_pseudorange_rmse_m": 2548.743574935207,
    "effective_pseudorange_bias_m": -1397.6396600138557,
    "tau_g_median_m": 0.14640314346652417,
    "tau_g_span_m": 0.04488052763457917
  },
  "experiments": {
    "A": {
      "case_name": "A",
      "description": "几何较好、噪声中等；验证在真实单通道背景映射下 LS/WLS 都能工作。",
      "num_satellites": 8,
      "dops": {
        "GDOP": 4.32480148903137,
        "PDOP": 3.555851564906343,
        "HDOP": 1.4279257363997195,
        "VDOP": 3.2565485476151297,
        "TDOP": 2.461671701888996
      },
      "ls": {
        "converged": true,
        "iterations": 4,
        "position_ecef_m": [
          -1635873.7629388785,
          5033974.183891002,
          3546372.2196938135
        ],
        "clock_bias_m": -353.9583431271307,
        "clock_bias_s": -1.180677944630384e-06,
        "enu_error_m": {
          "east": 224.83001221804227,
          "north": 23.134685819895367,
          "up": -667.2474920011166
        },
        "position_error_3d_m": 704.4877313791422,
        "residual_rms_m": 240.21541390522745
      },
      "wls": {
        "converged": true,
        "iterations": 4,
        "position_ecef_m": [
          -1635862.562930654,
          5034044.111966522,
          3546432.396810302
        ],
        "clock_bias_m": -288.2926826881958,
        "clock_bias_s": -9.616408785313597e-07,
        "enu_error_m": {
          "east": 192.5692076938932,
          "north": 37.76970639214761,
          "up": -581.3305673390487
        },
        "position_error_3d_m": 613.5590264966713,
        "weighted_residual_rms_m": 0.1770025592202043
      }
    },
    "B": {
      "case_name": "B",
      "description": "引入低仰角大误差；低仰角星更容易放大真实单通道背景映射出的测量不确定性。",
      "num_satellites": 8,
      "dops": {
        "GDOP": 2.3345717240459307,
        "PDOP": 2.1040175018509686,
        "HDOP": 1.1512697647243384,
        "VDOP": 1.7610984006939414,
        "TDOP": 1.0116004579969304
      },
      "ls": {
        "converged": true,
        "iterations": 5,
        "position_ecef_m": [
          -1634404.985205402,
          5046961.182383572,
          3551274.2819266175
        ],
        "clock_bias_m": 8176.069412721861,
        "clock_bias_s": 2.727243195931854e-05,
        "enu_error_m": {
          "east": -5185.263862319953,
          "north": -2565.8647826774954,
          "up": 11937.41902605693
        },
        "position_error_3d_m": 13265.466309501971,
        "residual_rms_m": 6023.36446691707
      },
      "wls": {
        "converged": true,
        "iterations": 5,
        "position_ecef_m": [
          -1637475.6250900126,
          5037776.390740476,
          3547617.1674307236
        ],
        "clock_bias_m": 3171.6424969134346,
        "clock_bias_s": 1.0579460597749375e-05,
        "enu_error_m": {
          "east": 573.3449166445154,
          "north": -1243.6638843660025,
          "up": 3437.1882656913285
        },
        "position_error_3d_m": 3699.9577598297797,
        "weighted_residual_rms_m": 1.0533215635999076
      }
    }
  },
  "monte_carlo": {
    "based_on_case": "B",
    "num_runs": 120,
    "stats": {
      "LS": {
        "mean_m": 7142.52002868442,
        "std_m": 4409.006776403292,
        "p90_m": 12969.951250975864
      },
      "WLS": {
        "mean_m": 5114.100991206679,
        "std_m": 3001.648020791629,
        "p90_m": 9302.320995921305
      }
    }
  },
  "output_files": {
    "results_dir": "/Users/guozehao/Documents/ka-Nav/nav_ka_github/corrections/issue_03_textbook_full_correction/corrected_fullstack/wls/19p5GHz",
    "sky_geometry_png": "/Users/guozehao/Documents/ka-Nav/nav_ka_github/corrections/issue_03_textbook_full_correction/corrected_fullstack/wls/19p5GHz/sky_geometry.png",
    "geometry_3d_png": "/Users/guozehao/Documents/ka-Nav/nav_ka_github/corrections/issue_03_textbook_full_correction/corrected_fullstack/wls/19p5GHz/geometry_3d.png",
    "legacy_channel_overview_png": "/Users/guozehao/Documents/ka-Nav/nav_ka_github/corrections/issue_03_textbook_full_correction/corrected_fullstack/wls/19p5GHz/legacy_channel_overview.png",
    "pseudorange_formation_png": "/Users/guozehao/Documents/ka-Nav/nav_ka_github/corrections/issue_03_textbook_full_correction/corrected_fullstack/wls/19p5GHz/pseudorange_formation.png",
    "ls_vs_wls_residuals_png": "/Users/guozehao/Documents/ka-Nav/nav_ka_github/corrections/issue_03_textbook_full_correction/corrected_fullstack/wls/19p5GHz/ls_vs_wls_residuals.png",
    "monte_carlo_position_error_png": "/Users/guozehao/Documents/ka-Nav/nav_ka_github/corrections/issue_03_textbook_full_correction/corrected_fullstack/wls/19p5GHz/monte_carlo_position_error.png",
    "dop_summary_png": "/Users/guozehao/Documents/ka-Nav/nav_ka_github/corrections/issue_03_textbook_full_correction/corrected_fullstack/wls/19p5GHz/dop_summary.png",
    "satellite_observations_csv": "/Users/guozehao/Documents/ka-Nav/nav_ka_github/corrections/issue_03_textbook_full_correction/corrected_fullstack/wls/19p5GHz/satellite_observations.csv",
    "summary_json": "/Users/guozehao/Documents/ka-Nav/nav_ka_github/corrections/issue_03_textbook_full_correction/corrected_fullstack/wls/19p5GHz/summary.json",
    "report_summary_md": "/Users/guozehao/Documents/ka-Nav/nav_ka_github/corrections/issue_03_textbook_full_correction/corrected_fullstack/wls/19p5GHz/report_summary.md"
  }
}