{
  "receiver_truth": {
    "latitude_deg": 34.0,
    "longitude_deg": 108.0,
    "height_m": 500.0,
    "receiver_clock_bias_m": 120.0,
    "carrier_frequency_hz": 21500000000.0
  },
  "legacy_coupling_level": "real WKB and single-channel receiver reused; multisat geometry and navigation solution added here",
  "real_reused_components": [
    "build_fields_from_csv",
    "compute_real_wkb_series",
    "build_textbook_signal_config",
    "build_navigation_data_model",
    "run_textbook_acquisition",
    "run_textbook_tracking",
    "form_standard_observables"
  ],
  "simplified_components": [
    "多星几何使用静态自洽 az/el 场景，不是真实星历。",
    "所有卫星共享同一真实单通道 WKB/接收机背景，再按仰角映射到多星伪距形成。",
    "对流层、卫星钟差、硬件偏差使用参数化项。",
    "多星伪距方差由旧脚本单通道伪距误差统计映射得到，不是真实多星同步跟踪输出。"
  ],
  "claim_boundary": "本结果代表真实单通道 Ka/WKB 背景耦合下的 hybrid 多星标准伪距/WLS 实验，不代表真实多星端到端 Ka 导航系统。",
  "legacy_channel_metrics": {
    "effective_pseudorange_sigma_100ms_m": 2255.4926449905556,
    "effective_pseudorange_sigma_1s_m": 2016.203593608615,
    "effective_pseudorange_rmse_m": 2186.4614164287955,
    "effective_pseudorange_bias_m": -1184.9057190146066,
    "tau_g_median_m": 0.1451532814607685,
    "tau_g_span_m": 0.03577558870652239
  },
  "experiments": {
    "A": {
      "case_name": "A",
      "description": "几何较好、噪声中等；验证在真实单通道背景映射下 LS/WLS 都能工作。",
      "num_satellites": 8,
      "dops": {
        "GDOP": 4.32480148903137,
        "PDOP": 3.555851564906343,
        "HDOP": 1.4279257363997195,
        "VDOP": 3.2565485476151297,
        "TDOP": 2.461671701888996
      },
      "ls": {
        "converged": true,
        "iterations": 4,
        "position_ecef_m": [
          -1635868.7249336464,
          5034052.93376897,
          3546418.072225854
        ],
        "clock_bias_m": -292.55698966845057,
        "clock_bias_s": -9.758650755265183e-07,
        "enu_error_m": {
          "east": 195.70353391588702,
          "north": 20.137646129006157,
          "up": -580.8064977565564
        },
        "position_error_3d_m": 613.2222972259085,
        "residual_rms_m": 209.09651798002957
      },
      "wls": {
        "converged": true,
        "iterations": 4,
        "position_ecef_m": [
          -1635858.9758948723,
          5034113.802453435,
          3546470.4533060193
        ],
        "clock_bias_m": -235.39862187190013,
        "clock_bias_s": -7.852052831559229e-07,
        "enu_error_m": {
          "east": 167.62218913725675,
          "north": 32.87673407557705,
          "up": -506.0203240441377
        },
        "position_error_3d_m": 534.0736337625896,
        "weighted_residual_rms_m": 0.1770025604987501
      }
    },
    "B": {
      "case_name": "B",
      "description": "引入低仰角大误差；低仰角星更容易放大真实单通道背景映射出的测量不确定性。",
      "num_satellites": 8,
      "dops": {
        "GDOP": 2.3345717240459307,
        "PDOP": 2.1040175018509686,
        "HDOP": 1.1512697647243384,
        "VDOP": 1.7610984006939414,
        "TDOP": 1.0116004579969304
      },
      "ls": {
        "converged": true,
        "iterations": 5,
        "position_ecef_m": [
          -1634590.072461054,
          5045358.150377679,
          3550685.341986495
        ],
        "clock_bias_m": 7133.079537380665,
        "clock_bias_s": 2.3793392218628345e-05,
        "enu_error_m": {
          "east": -4513.871289400953,
          "north": -2233.5702380033335,
          "up": 10391.575726817722
        },
        "position_error_3d_m": 11547.671458417915,
        "residual_rms_m": 5243.044721261122
      },
      "wls": {
        "converged": true,
        "iterations": 5,
        "position_ecef_m": [
          -1637263.0782496904,
          5037362.601487691,
          3547501.750648959
        ],
        "clock_bias_m": 2776.3471120046383,
        "clock_bias_s": 9.260897123718296e-06,
        "enu_error_m": {
          "east": 499.0687703384243,
          "north": -1082.5575372868734,
          "up": 2991.9394166361585
        },
        "position_error_3d_m": 3220.667932570019,
        "weighted_residual_rms_m": 1.0533216805390035
      }
    }
  },
  "monte_carlo": {
    "based_on_case": "B",
    "num_runs": 120,
    "stats": {
      "LS": {
        "mean_m": 6255.376963420365,
        "std_m": 4096.958762041937,
        "p90_m": 11417.961558015606
      },
      "WLS": {
        "mean_m": 4488.019084817814,
        "std_m": 2402.0835998037655,
        "p90_m": 7641.231802687902
      }
    }
  },
  "output_files": {
    "results_dir": "/Users/guozehao/Documents/ka-Nav/nav_ka_github/corrections/issue_03_textbook_full_correction/corrected_fullstack/wls/21p5GHz",
    "sky_geometry_png": "/Users/guozehao/Documents/ka-Nav/nav_ka_github/corrections/issue_03_textbook_full_correction/corrected_fullstack/wls/21p5GHz/sky_geometry.png",
    "geometry_3d_png": "/Users/guozehao/Documents/ka-Nav/nav_ka_github/corrections/issue_03_textbook_full_correction/corrected_fullstack/wls/21p5GHz/geometry_3d.png",
    "legacy_channel_overview_png": "/Users/guozehao/Documents/ka-Nav/nav_ka_github/corrections/issue_03_textbook_full_correction/corrected_fullstack/wls/21p5GHz/legacy_channel_overview.png",
    "pseudorange_formation_png": "/Users/guozehao/Documents/ka-Nav/nav_ka_github/corrections/issue_03_textbook_full_correction/corrected_fullstack/wls/21p5GHz/pseudorange_formation.png",
    "ls_vs_wls_residuals_png": "/Users/guozehao/Documents/ka-Nav/nav_ka_github/corrections/issue_03_textbook_full_correction/corrected_fullstack/wls/21p5GHz/ls_vs_wls_residuals.png",
    "monte_carlo_position_error_png": "/Users/guozehao/Documents/ka-Nav/nav_ka_github/corrections/issue_03_textbook_full_correction/corrected_fullstack/wls/21p5GHz/monte_carlo_position_error.png",
    "dop_summary_png": "/Users/guozehao/Documents/ka-Nav/nav_ka_github/corrections/issue_03_textbook_full_correction/corrected_fullstack/wls/21p5GHz/dop_summary.png",
    "satellite_observations_csv": "/Users/guozehao/Documents/ka-Nav/nav_ka_github/corrections/issue_03_textbook_full_correction/corrected_fullstack/wls/21p5GHz/satellite_observations.csv",
    "summary_json": "/Users/guozehao/Documents/ka-Nav/nav_ka_github/corrections/issue_03_textbook_full_correction/corrected_fullstack/wls/21p5GHz/summary.json",
    "report_summary_md": "/Users/guozehao/Documents/ka-Nav/nav_ka_github/corrections/issue_03_textbook_full_correction/corrected_fullstack/wls/21p5GHz/report_summary.md"
  }
}