{
  "receiver_truth": {
    "latitude_deg": 34.0,
    "longitude_deg": 108.0,
    "height_m": 500.0,
    "receiver_clock_bias_m": 120.0,
    "carrier_frequency_hz": 21000000000.0
  },
  "legacy_coupling_level": "real WKB and single-channel receiver reused; multisat geometry and navigation solution added here",
  "real_reused_components": [
    "build_fields_from_csv",
    "compute_real_wkb_series",
    "build_textbook_signal_config",
    "build_navigation_data_model",
    "run_textbook_acquisition",
    "run_textbook_tracking",
    "form_standard_observables"
  ],
  "simplified_components": [
    "多星几何使用静态自洽 az/el 场景，不是真实星历。",
    "所有卫星共享同一真实单通道 WKB/接收机背景，再按仰角映射到多星伪距形成。",
    "对流层、卫星钟差、硬件偏差使用参数化项。",
    "多星伪距方差由旧脚本单通道伪距误差统计映射得到，不是真实多星同步跟踪输出。"
  ],
  "claim_boundary": "本结果代表真实单通道 Ka/WKB 背景耦合下的 hybrid 多星标准伪距/WLS 实验，不代表真实多星端到端 Ka 导航系统。",
  "legacy_channel_metrics": {
    "effective_pseudorange_sigma_100ms_m": 2287.9900251012778,
    "effective_pseudorange_sigma_1s_m": 2068.8400661519186,
    "effective_pseudorange_rmse_m": 2246.868226250163,
    "effective_pseudorange_bias_m": -1218.8913217308825,
    "tau_g_median_m": 0.14543566704645347,
    "tau_g_span_m": 0.03509345864365618
  },
  "experiments": {
    "A": {
      "case_name": "A",
      "description": "几何较好、噪声中等；验证在真实单通道背景映射下 LS/WLS 都能工作。",
      "num_satellites": 8,
      "dops": {
        "GDOP": 4.32480148903137,
        "PDOP": 3.555851564906343,
        "HDOP": 1.4279257363997195,
        "VDOP": 3.2565485476151297,
        "TDOP": 2.461671701888996
      },
      "ls": {
        "converged": true,
        "iterations": 4,
        "position_ecef_m": [
          -1635869.608688332,
          5034039.119635382,
          3546410.0288741
        ],
        "clock_bias_m": -303.32786748503645,
        "clock_bias_s": -1.0117928566603114e-06,
        "enu_error_m": {
          "east": 200.81283660968543,
          "north": 20.66338094606209,
          "up": -595.969790454884
        },
        "position_error_3d_m": 629.2318823726183,
        "residual_rms_m": 214.5553422022863
      },
      "wls": {
        "converged": true,
        "iterations": 4,
        "position_ecef_m": [
          -1635859.6051241406,
          5034101.577492111,
          3546463.777514396
        ],
        "clock_bias_m": -244.67717730925304,
        "clock_bias_s": -8.161552126479881e-07,
        "enu_error_m": {
          "east": 171.99834253769797,
          "north": 33.7350496059947,
          "up": -519.2310915655225
        },
        "position_error_3d_m": 548.0167970564024,
        "weighted_residual_rms_m": 0.17700256027443081
      }
    },
    "B": {
      "case_name": "B",
      "description": "引入低仰角大误差；低仰角星更容易放大真实单通道背景映射出的测量不确定性。",
      "num_satellites": 8,
      "dops": {
        "GDOP": 2.3345717240459307,
        "PDOP": 2.1040175018509686,
        "HDOP": 1.1512697647243384,
        "VDOP": 1.7610984006939414,
        "TDOP": 1.0116004579969304
      },
      "ls": {
        "converged": true,
        "iterations": 5,
        "position_ecef_m": [
          -1634557.601563242,
          5045639.365120705,
          3550788.658218261
        ],
        "clock_bias_m": 7316.052831638667,
        "clock_bias_s": 2.44037254320743e-05,
        "enu_error_m": {
          "east": -4631.653083018927,
          "north": -2291.8629901721706,
          "up": 10662.757840503691
        },
        "position_error_3d_m": 11849.018989451512,
        "residual_rms_m": 5379.926702186618
      },
      "wls": {
        "converged": true,
        "iterations": 5,
        "position_ecef_m": [
          -1637300.362976064,
          5037435.1881842865,
          3547521.997069502
        ],
        "clock_bias_m": 2845.689851499477,
        "clock_bias_s": 9.492199605299867e-06,
        "enu_error_m": {
          "east": 512.0981295006694,
          "north": -1110.8186500790825,
          "up": 3070.044744186961
        },
        "position_error_3d_m": 3304.744664707332,
        "weighted_residual_rms_m": 1.053321660025582
      }
    }
  },
  "monte_carlo": {
    "based_on_case": "B",
    "num_runs": 120,
    "stats": {
      "LS": {
        "mean_m": 7052.599480904105,
        "std_m": 4170.863257882549,
        "p90_m": 12834.129503140155
      },
      "WLS": {
        "mean_m": 4975.025654966553,
        "std_m": 2860.531160783093,
        "p90_m": 9235.757981272773
      }
    }
  },
  "output_files": {
    "results_dir": "/Users/guozehao/Documents/ka-Nav/nav_ka_github/corrections/issue_03_textbook_full_correction/corrected_fullstack/wls/21p0GHz",
    "sky_geometry_png": "/Users/guozehao/Documents/ka-Nav/nav_ka_github/corrections/issue_03_textbook_full_correction/corrected_fullstack/wls/21p0GHz/sky_geometry.png",
    "geometry_3d_png": "/Users/guozehao/Documents/ka-Nav/nav_ka_github/corrections/issue_03_textbook_full_correction/corrected_fullstack/wls/21p0GHz/geometry_3d.png",
    "legacy_channel_overview_png": "/Users/guozehao/Documents/ka-Nav/nav_ka_github/corrections/issue_03_textbook_full_correction/corrected_fullstack/wls/21p0GHz/legacy_channel_overview.png",
    "pseudorange_formation_png": "/Users/guozehao/Documents/ka-Nav/nav_ka_github/corrections/issue_03_textbook_full_correction/corrected_fullstack/wls/21p0GHz/pseudorange_formation.png",
    "ls_vs_wls_residuals_png": "/Users/guozehao/Documents/ka-Nav/nav_ka_github/corrections/issue_03_textbook_full_correction/corrected_fullstack/wls/21p0GHz/ls_vs_wls_residuals.png",
    "monte_carlo_position_error_png": "/Users/guozehao/Documents/ka-Nav/nav_ka_github/corrections/issue_03_textbook_full_correction/corrected_fullstack/wls/21p0GHz/monte_carlo_position_error.png",
    "dop_summary_png": "/Users/guozehao/Documents/ka-Nav/nav_ka_github/corrections/issue_03_textbook_full_correction/corrected_fullstack/wls/21p0GHz/dop_summary.png",
    "satellite_observations_csv": "/Users/guozehao/Documents/ka-Nav/nav_ka_github/corrections/issue_03_textbook_full_correction/corrected_fullstack/wls/21p0GHz/satellite_observations.csv",
    "summary_json": "/Users/guozehao/Documents/ka-Nav/nav_ka_github/corrections/issue_03_textbook_full_correction/corrected_fullstack/wls/21p0GHz/summary.json",
    "report_summary_md": "/Users/guozehao/Documents/ka-Nav/nav_ka_github/corrections/issue_03_textbook_full_correction/corrected_fullstack/wls/21p0GHz/report_summary.md"
  }
}