{
  "receiver_truth": {
    "latitude_deg": 34.0,
    "longitude_deg": 108.0,
    "height_m": 500.0,
    "receiver_clock_bias_m": 120.0,
    "carrier_frequency_hz": 22000000000.0
  },
  "legacy_coupling_level": "real WKB and single-channel receiver reused; multisat geometry and navigation solution added here",
  "real_reused_components": [
    "build_fields_from_csv",
    "compute_real_wkb_series",
    "build_textbook_signal_config",
    "build_navigation_data_model",
    "run_textbook_acquisition",
    "run_textbook_tracking",
    "form_standard_observables"
  ],
  "simplified_components": [
    "多星几何使用静态自洽 az/el 场景，不是真实星历。",
    "所有卫星共享同一真实单通道 WKB/接收机背景，再按仰角映射到多星伪距形成。",
    "对流层、卫星钟差、硬件偏差使用参数化项。",
    "多星伪距方差由旧脚本单通道伪距误差统计映射得到，不是真实多星同步跟踪输出。"
  ],
  "claim_boundary": "本结果代表真实单通道 Ka/WKB 背景耦合下的 hybrid 多星标准伪距/WLS 实验，不代表真实多星端到端 Ka 导航系统。",
  "legacy_channel_metrics": {
    "effective_pseudorange_sigma_100ms_m": 2244.7420493410873,
    "effective_pseudorange_sigma_1s_m": 1974.4035920171737,
    "effective_pseudorange_rmse_m": 2128.3634804560716,
    "effective_pseudorange_bias_m": -1140.4055065621367,
    "tau_g_median_m": 0.14488263248466357,
    "tau_g_span_m": 0.03591633012081161
  },
  "experiments": {
    "A": {
      "case_name": "A",
      "description": "几何较好、噪声中等；验证在真实单通道背景映射下 LS/WLS 都能工作。",
      "num_satellites": 8,
      "dops": {
        "GDOP": 4.32480148903137,
        "PDOP": 3.555851564906343,
        "HDOP": 1.4279257363997195,
        "VDOP": 3.2565485476151297,
        "TDOP": 2.461671701888996
      },
      "ls": {
        "converged": true,
        "iterations": 4,
        "position_ecef_m": [
          -1635868.0231220133,
          5034063.903923125,
          3546424.4596555303
        ],
        "clock_bias_m": -284.00356673315997,
        "clock_bias_s": -9.47333927703945e-07,
        "enu_error_m": {
          "east": 191.64610732421934,
          "north": 19.72014658692339,
          "up": -568.7649420758562
        },
        "position_error_3d_m": 600.5086793448434,
        "residual_rms_m": 204.761522641399
      },
      "wls": {
        "converged": true,
        "iterations": 4,
        "position_ecef_m": [
          -1635858.4762081823,
          5034123.510607546,
          3546475.7547226124
        ],
        "clock_bias_m": -228.03028743518524,
        "clock_bias_s": -7.606271650609211e-07,
        "enu_error_m": {
          "east": 164.1469742502189,
          "north": 32.19512365104444,
          "up": -495.52931600646554
        },
        "position_error_3d_m": 523.0010116283175,
        "weighted_residual_rms_m": 0.1770025606772845
      }
    },
    "B": {
      "case_name": "B",
      "description": "引入低仰角大误差；低仰角星更容易放大真实单通道背景映射出的测量不确定性。",
      "num_satellites": 8,
      "dops": {
        "GDOP": 2.3345717240459307,
        "PDOP": 2.1040175018509686,
        "HDOP": 1.1512697647243384,
        "VDOP": 1.7610984006939414,
        "TDOP": 1.0116004579969304
      },
      "ls": {
        "converged": true,
        "iterations": 5,
        "position_ecef_m": [
          -1634615.859422868,
          5045134.826267878,
          3550603.2942287675
        ],
        "clock_bias_m": 6987.771476329928,
        "clock_bias_s": 2.3308696699534477e-05,
        "enu_error_m": {
          "east": -4420.335486150174,
          "north": -2187.2777681599514,
          "up": 10176.2189978488
        },
        "position_error_3d_m": 11308.358985165978,
        "residual_rms_m": 5134.3432727304435
      },
      "wls": {
        "converged": true,
        "iterations": 5,
        "position_ecef_m": [
          -1637233.469435748,
          5037304.9583434,
          3547485.6723742825
        ],
        "clock_bias_m": 2721.280016601695,
        "clock_bias_s": 9.077213065185566e-06,
        "enu_error_m": {
          "east": 488.7218260938182,
          "north": -1060.1146140572027,
          "up": 2929.9137702864527
        },
        "position_error_3d_m": 3153.900239315173,
        "weighted_residual_rms_m": 1.0533216968288794
      }
    }
  },
  "monte_carlo": {
    "based_on_case": "B",
    "num_runs": 120,
    "stats": {
      "LS": {
        "mean_m": 6422.269323072562,
        "std_m": 3994.04523734719,
        "p90_m": 11299.056718145473
      },
      "WLS": {
        "mean_m": 4640.833767341858,
        "std_m": 2657.434050471814,
        "p90_m": 7867.860813451896
      }
    }
  },
  "output_files": {
    "results_dir": "/Users/guozehao/Documents/ka-Nav/nav_ka_github/corrections/issue_03_textbook_full_correction/corrected_fullstack/wls/22p0GHz",
    "sky_geometry_png": "/Users/guozehao/Documents/ka-Nav/nav_ka_github/corrections/issue_03_textbook_full_correction/corrected_fullstack/wls/22p0GHz/sky_geometry.png",
    "geometry_3d_png": "/Users/guozehao/Documents/ka-Nav/nav_ka_github/corrections/issue_03_textbook_full_correction/corrected_fullstack/wls/22p0GHz/geometry_3d.png",
    "legacy_channel_overview_png": "/Users/guozehao/Documents/ka-Nav/nav_ka_github/corrections/issue_03_textbook_full_correction/corrected_fullstack/wls/22p0GHz/legacy_channel_overview.png",
    "pseudorange_formation_png": "/Users/guozehao/Documents/ka-Nav/nav_ka_github/corrections/issue_03_textbook_full_correction/corrected_fullstack/wls/22p0GHz/pseudorange_formation.png",
    "ls_vs_wls_residuals_png": "/Users/guozehao/Documents/ka-Nav/nav_ka_github/corrections/issue_03_textbook_full_correction/corrected_fullstack/wls/22p0GHz/ls_vs_wls_residuals.png",
    "monte_carlo_position_error_png": "/Users/guozehao/Documents/ka-Nav/nav_ka_github/corrections/issue_03_textbook_full_correction/corrected_fullstack/wls/22p0GHz/monte_carlo_position_error.png",
    "dop_summary_png": "/Users/guozehao/Documents/ka-Nav/nav_ka_github/corrections/issue_03_textbook_full_correction/corrected_fullstack/wls/22p0GHz/dop_summary.png",
    "satellite_observations_csv": "/Users/guozehao/Documents/ka-Nav/nav_ka_github/corrections/issue_03_textbook_full_correction/corrected_fullstack/wls/22p0GHz/satellite_observations.csv",
    "summary_json": "/Users/guozehao/Documents/ka-Nav/nav_ka_github/corrections/issue_03_textbook_full_correction/corrected_fullstack/wls/22p0GHz/summary.json",
    "report_summary_md": "/Users/guozehao/Documents/ka-Nav/nav_ka_github/corrections/issue_03_textbook_full_correction/corrected_fullstack/wls/22p0GHz/report_summary.md"
  }
}