{
  "receiver_truth": {
    "latitude_deg": 34.0,
    "longitude_deg": 108.0,
    "height_m": 500.0,
    "receiver_clock_bias_m": 120.0,
    "carrier_frequency_hz": 19500000000.0
  },
  "legacy_coupling_level": "real WKB and single-channel receiver reused; multisat geometry and navigation solution added here",
  "real_reused_components": [
    "build_fields_from_csv",
    "compute_real_wkb_series",
    "build_signal_config_from_wkb_time",
    "resample_wkb_to_receiver_time",
    "KaBpskReceiver.run"
  ],
  "simplified_components": [
    "多星几何使用静态自洽 az/el 场景，不是真实星历。",
    "所有卫星共享同一真实单通道 WKB/接收机背景，再按仰角映射到多星伪距形成。",
    "对流层、卫星钟差、硬件偏差使用参数化项。",
    "多星伪距方差由旧脚本单通道伪距误差统计映射得到，不是真实多星同步跟踪输出。"
  ],
  "claim_boundary": "本结果代表真实单通道 Ka/WKB 背景耦合下的 hybrid 多星标准伪距/WLS 实验，不代表真实多星端到端 Ka 导航系统。",
  "legacy_channel_metrics": {
    "effective_pseudorange_sigma_100ms_m": 191.0049023966354,
    "effective_pseudorange_sigma_1s_m": 108.3524103760749,
    "effective_pseudorange_rmse_m": 108.20996297090392,
    "effective_pseudorange_bias_m": -21.887313434726234,
    "tau_g_median_m": 0.1464031434664903,
    "tau_g_span_m": 0.04488052763457917
  },
  "experiments": {
    "A": {
      "case_name": "A",
      "description": "几何较好、噪声中等；验证在真实单通道背景映射下 LS/WLS 都能工作。",
      "num_satellites": 8,
      "dops": {
        "GDOP": 4.324801489031356,
        "PDOP": 3.5558515649063316,
        "HDOP": 1.4279257363997166,
        "VDOP": 3.2565485476151177,
        "TDOP": 2.4616717018889873
      },
      "ls": {
        "converged": true,
        "iterations": 3,
        "position_ecef_m": [
          -1635836.6935906895,
          5034553.6275473535,
          3546709.603681214
        ],
        "clock_bias_m": 97.82954871948752,
        "clock_bias_s": 3.263242490225939e-07,
        "enu_error_m": {
          "east": 10.517029972622584,
          "north": 1.0822004111356105,
          "up": -31.21237037269896
        },
        "position_error_3d_m": 32.95437970069289,
        "residual_rms_m": 11.237017836291153
      },
      "wls": {
        "converged": true,
        "iterations": 3,
        "position_ecef_m": [
          -1635836.1696883456,
          5034556.8985083075,
          3546712.418565703
        ],
        "clock_bias_m": 100.90108704662933,
        "clock_bias_s": 3.3656979805218894e-07,
        "enu_error_m": {
          "east": 9.007986711902864,
          "north": 1.7668000802980346,
          "up": -27.193496694056726
        },
        "position_error_3d_m": 28.70107436273482,
        "weighted_residual_rms_m": 0.17700256864442304
      }
    },
    "B": {
      "case_name": "B",
      "description": "引入低仰角大误差；低仰角星更容易放大真实单通道背景映射出的测量不确定性。",
      "num_satellites": 8,
      "dops": {
        "GDOP": 2.334571724045933,
        "PDOP": 2.1040175018509704,
        "HDOP": 1.1512697647243388,
        "VDOP": 1.7610984006939427,
        "TDOP": 1.0116004579969313
      },
      "ls": {
        "converged": true,
        "iterations": 3,
        "position_ecef_m": [
          -1635767.9269238773,
          5035161.394216153,
          3546939.015391835
        ],
        "clock_bias_m": 497.107446364418,
        "clock_bias_s": 1.65817195562811e-06,
        "enu_error_m": {
          "east": -242.69418587658942,
          "north": -120.06891840909707,
          "up": 558.6565961907625
        },
        "position_error_3d_m": 620.8173688724241,
        "residual_rms_m": 281.7592807562161
      },
      "wls": {
        "converged": true,
        "iterations": 3,
        "position_ecef_m": [
          -1635911.6292140288,
          5034731.498894687,
          3546767.8443256137
        ],
        "clock_bias_m": 262.7652215393982,
        "clock_bias_s": 8.764904337233134e-07,
        "enu_error_m": {
          "east": 26.81977371381652,
          "north": -58.179262266604184,
          "up": 160.79761919894773
        },
        "position_error_3d_m": 173.08957553820636,
        "weighted_residual_rms_m": 1.0533224240164887
      }
    }
  },
  "monte_carlo": {
    "based_on_case": "B",
    "num_runs": 120,
    "stats": {
      "LS": {
        "mean_m": 334.1353198669324,
        "std_m": 206.3024208138377,
        "p90_m": 606.6413275848295
      },
      "WLS": {
        "mean_m": 239.2334809912878,
        "std_m": 140.42522317409475,
        "p90_m": 435.1312447047251
      }
    }
  },
  "output_files": {
    "results_dir": "/home/guo/src/nav_ka_github/results_ka_multifreq/wls/19p5GHz",
    "sky_geometry_png": "/home/guo/src/nav_ka_github/results_ka_multifreq/wls/19p5GHz/sky_geometry.png",
    "geometry_3d_png": "/home/guo/src/nav_ka_github/results_ka_multifreq/wls/19p5GHz/geometry_3d.png",
    "legacy_channel_overview_png": "/home/guo/src/nav_ka_github/results_ka_multifreq/wls/19p5GHz/legacy_channel_overview.png",
    "pseudorange_formation_png": "/home/guo/src/nav_ka_github/results_ka_multifreq/wls/19p5GHz/pseudorange_formation.png",
    "ls_vs_wls_residuals_png": "/home/guo/src/nav_ka_github/results_ka_multifreq/wls/19p5GHz/ls_vs_wls_residuals.png",
    "monte_carlo_position_error_png": "/home/guo/src/nav_ka_github/results_ka_multifreq/wls/19p5GHz/monte_carlo_position_error.png",
    "dop_summary_png": "/home/guo/src/nav_ka_github/results_ka_multifreq/wls/19p5GHz/dop_summary.png",
    "satellite_observations_csv": "/home/guo/src/nav_ka_github/results_ka_multifreq/wls/19p5GHz/satellite_observations.csv",
    "summary_json": "/home/guo/src/nav_ka_github/results_ka_multifreq/wls/19p5GHz/summary.json",
    "report_summary_md": "/home/guo/src/nav_ka_github/results_ka_multifreq/wls/19p5GHz/report_summary.md"
  }
}